Transaction ID;Item;Quantity;Price Per Unit;Total Spent;Payment Method;Location;Transaction Date
TXN_5680238;Juice;5;3.0;15.0;;;2023-12-17
TXN_7766134;Tea;1;1.5;1.5;Credit Card;Takeaway;2023-01-05
TXN_2617257;Cookie;1;1.0;1.0;Cash;Takeaway;2023-08-20
TXN_8993132;Cake;3;3.0;9.0;;In-store;2023-01-21
TXN_4268167;Smoothie;4;4.0;16.0;;;2023-07-06
TXN_9358399;Tea;5;1.5;7.5;Credit Card;;2023-06-16
TXN_2793054;Smoothie;4;4.0;16.0;;Takeaway;2023-04-29
TXN_6179169;Sandwich;2;4.0;8.0;Cash;In-store;2023-10-21
TXN_7932895;Smoothie;2;4.0;8.0;;In-store;2023-04-04
TXN_3364751;Coffee;2;2.0;4.0;Digital Wallet;Takeaway;2023-04-12
TXN_1097334;Coffee;2;2.0;4.0;Credit Card;Takeaway;2023-03-21
TXN_9914084;UNKNOWN;1;2.0;2.0;ERROR;Takeaway;2023-06-16
TXN_5982786;Juice;4;3.0;UNKNOWN;Credit Card;In-store;2023-12-26
TXN_3160090;Salad;1;5.0;5.0;;Takeaway;2023-07-23
TXN_2300313;Coffee;4;2.0;8.0;;In-store;2023-06-02
TXN_9461396;Smoothie;5;4.0;20.0;;;2023-05-23
TXN_6887407;Cake;3;3.0;9.0;Cash;In-store;2023-09-15
TXN_6425991;Salad;1;5.0;5.0;Credit Card;Takeaway;2023-08-06
TXN_6040882;Cookie;1;1.0;1.0;Cash;In-store;2023-06-06
TXN_4151440;Cake;5;3.0;15.0;;In-store;2023-11-16
TXN_7921799;Cookie;1;1.0;1.0;Credit Card;Takeaway;2023-09-14
TXN_1715317;UNKNOWN;5;3.0;15.0;Digital Wallet;In-store;2023-02-10
TXN_2482242;Cookie;4;1.0;4.0;;;2023-02-07
TXN_5861636;Coffee;4;2.0;8.0;Credit Card;;2023-05-15
TXN_7272630;Tea;4;1.5;6.0;Cash;Takeaway;2023-03-24
TXN_7157169;Sandwich;3;4.0;12.0;;;2023-01-29
TXN_9325384;Juice;5;3.0;15.0;;In-store;2023-04-24
TXN_2832778;Juice;2;3.0;6.0;Credit Card;;2023-09-27
TXN_9894745;Tea;;1.5;3.0;Cash;Takeaway;2023-08-28
TXN_1244299;Sandwich;2;4.0;8.0;Cash;Takeaway;2023-07-18
TXN_1694090;Coffee;4;2.0;8.0;Digital Wallet;;2023-11-30
TXN_5965095;Salad;4;5.0;20.0;Digital Wallet;In-store;2023-06-16
TXN_7911650;Juice;2;3.0;6.0;Cash;Takeaway;2023-03-13
TXN_9610933;Tea;3;1.5;4.5;Cash;;2023-05-20
TXN_7440879;ERROR;1;3.0;3.0;;In-store;2023-12-30
TXN_4228312;Coffee;4;2.0;8.0;Digital Wallet;;2023-01-22
TXN_6431703;Sandwich;1;4.0;;Credit Card;Takeaway;2023-08-25
TXN_1063524;Smoothie;5;4.0;20.0;Credit Card;;2023-11-09
TXN_9031518;Sandwich;5;4.0;20.0;Credit Card;In-store;2023-01-13
TXN_5781767;Sandwich;5;;20.0;Credit Card;In-store;2023-04-27
TXN_4465589;;ERROR;1.5;3.0;Credit Card;;2023-03-26
TXN_2035838;UNKNOWN;UNKNOWN;3.0;15.0;Digital Wallet;Takeaway;2023-02-01
TXN_9817602;;2;4.0;8.0;Credit Card;Takeaway;2023-12-26
TXN_9643180;Coffee;2;2.0;4.0;Cash;;2023-06-10
TXN_9070074;Coffee;5;2.0;10.0;Digital Wallet;;2023-02-03
TXN_5274961;;1;3.0;3.0;Credit Card;In-store;2023-11-04
TXN_8715388;Salad;1;5.0;5.0;;In-store;2023-11-04
TXN_1980303;Tea;3;1.5;ERROR;Digital Wallet;;2023-04-22
TXN_9291130;Cookie;;1.0;5.0;Cash;In-store;2023-05-11
TXN_6485220;Cake;3;3.0;9.0;Cash;ERROR;ERROR
TXN_2652800;Cake;4;3.0;12.0;Cash;;2023-11-30
TXN_7068406;Juice;2;3.0;6.0;Digital Wallet;Takeaway;2023-01-26
TXN_5380220;Coffee;4;2.0;8.0;Credit Card;In-store;2023-10-18
TXN_7842557;Tea;4;1.5;6.0;;In-store;2023-02-09
TXN_7208533;Tea;1;1.5;1.5;Cash;In-store;2023-05-15
TXN_6916853;Smoothie;5;4.0;20.0;Cash;;2023-12-22
TXN_9086710;Salad;2;5.0;10.0;;In-store;2023-10-27
TXN_1830278;Cookie;3;1.0;3.0;Credit Card;;2023-05-15
TXN_8388122;Tea;4;1.5;6.0;;In-store;2023-11-01
TXN_8612901;Juice;3;3.0;UNKNOWN;Digital Wallet;UNKNOWN;2023-03-18
TXN_7752958;Juice;2;3.0;6.0;;;2023-09-22
TXN_5311814;Tea;4;1.5;6.0;Digital Wallet;;2023-07-06
TXN_2933739;Cookie;1;1.0;1.0;Digital Wallet;;2023-09-15
TXN_1239876;;2;4.0;8.0;Digital Wallet;In-store;2023-04-04
TXN_6295047;Tea;UNKNOWN;1.5;6.0;Digital Wallet;;2023-09-06
TXN_3858791;Cookie;5;1.0;5.0;Credit Card;;2023-06-25
TXN_1737731;Smoothie;5;4.0;20.0;Digital Wallet;;2023-06-29
TXN_6131195;Salad;1;5.0;5.0;;;2023-10-24
TXN_3251829;Tea;;1.5;;Digital Wallet;In-store;2023-07-25
TXN_2727347;Cake;5;3.0;15.0;Cash;Takeaway;2023-01-20
TXN_7242713;Sandwich;1;4.0;4.0;;In-store;2023-04-21
TXN_7797231;;5;UNKNOWN;10.0;Digital Wallet;;2023-05-05
TXN_3651337;Smoothie;4;4.0;16.0;Cash;In-store;2023-10-25
TXN_4740892;Cake;1;3.0;3.0;Digital Wallet;Takeaway;2023-11-19
TXN_7218719;Cake;1;3.0;3.0;Cash;;2023-10-07
TXN_3455415;Cookie;2;1.0;2.0;Credit Card;;2023-03-31
TXN_2475259;Smoothie;2;4.0;8.0;Cash;;
TXN_3390882;Sandwich;3;4.0;12.0;Credit Card;In-store;2023-07-03
TXN_3848261;Tea;2;1.5;3.0;;Takeaway;2023-08-03
TXN_2797925;Cake;2;3.0;UNKNOWN;Cash;;2023-10-19
TXN_2599005;Cake;2;3.0;6.0;Cash;;2023-06-10
TXN_1872692;Salad;5;5.0;25.0;Cash;In-store;2023-08-09
TXN_1372492;Salad;4;5.0;20.0;Cash;Takeaway;2023-03-28
TXN_6549132;Salad;5;;25.0;;;2023-12-05
TXN_1003246;Juice;2;3.0;6.0;;;2023-02-15
TXN_5732615;Coffee;ERROR;2.0;4.0;Cash;Takeaway;2023-12-05
TXN_3197621;Sandwich;5;4.0;20.0;;In-store;2023-02-10
TXN_9006674;Tea;1;1.5;1.5;;Takeaway;
TXN_6221348;Sandwich;1;ERROR;4.0;;;2023-03-28
TXN_4986514;Tea;3;1.5;4.5;Credit Card;In-store;2023-06-06
TXN_1050083;Cake;5;3.0;15.0;Credit Card;Takeaway;2023-06-28
TXN_5880567;Smoothie;5;4.0;20.0;ERROR;In-store;2023-02-13
TXN_1068317;Juice;3;3.0;ERROR;Digital Wallet;Takeaway;2023-03-16
TXN_7389329;Coffee;4;2.0;8.0;;;2023-01-18
TXN_3951460;;4;4.0;16.0;;Takeaway;2023-04-21
TXN_6584150;Juice;5;3.0;15.0;Credit Card;;2023-10-27
TXN_7754428;Cookie;2;1.0;2.0;;In-store;2023-07-27
TXN_3918515;UNKNOWN;4;5.0;20.0;Credit Card;Takeaway;2023-03-29
TXN_6484387;Cookie;5;;5.0;Cash;;2023-11-23
TXN_4156369;Cake;5;3.0;15.0;;In-store;2023-08-07
TXN_4483226;Juice;1;3.0;3.0;Credit Card;;2023-08-08
TXN_6457997;UNKNOWN;1;ERROR;4.0;Credit Card;;2023-12-12
TXN_2553269;ERROR;5;1.0;5.0;Digital Wallet;;2023-04-09
TXN_5297692;Juice;5;3.0;15.0;Credit Card;;2023-03-21
TXN_8241724;Smoothie;1;4.0;4.0;Credit Card;Takeaway;2023-05-14
TXN_4916936;Smoothie;1;4.0;4.0;;Takeaway;2023-06-04
TXN_1425215;Juice;1;3.0;3.0;Cash;Takeaway;2023-03-13
TXN_4222908;Cookie;ERROR;1.0;1.0;;In-store;2023-12-14
TXN_3938018;Coffee;ERROR;2.0;8.0;;Takeaway;2023-10-10
TXN_2363378;Coffee;5;2.0;10.0;Cash;Takeaway;2023-04-23
TXN_8267616;Tea;4;1.5;6.0;Cash;;2023-03-01
TXN_4786680;ERROR;3;4.0;12.0;UNKNOWN;In-store;2023-02-05
TXN_6437181;ERROR;4;3.0;12.0;Credit Card;;2023-04-10
TXN_2335312;UNKNOWN;2;3.0;6.0;Digital Wallet;;2023-06-23
TXN_8999576;Cake;5;3.0;15.0;Digital Wallet;Takeaway;2023-04-09
TXN_4844022;ERROR;1;1.0;1.0;;Takeaway;2023-02-26
TXN_5513984;Tea;1;1.5;1.5;Credit Card;In-store;2023-09-13
TXN_1662024;UNKNOWN;4;1.0;4.0;;In-store;2023-01-16
TXN_5600914;Smoothie;4;4.0;16.0;Credit Card;;2023-02-16
TXN_9923860;Cookie;2;1.0;2.0;;;2023-11-16
TXN_5346493;Cookie;5;1.0;5.0;Digital Wallet;In-store;2023-04-08
TXN_3528599;Cookie;1;1.0;1.0;;;2023-12-09
TXN_5738521;Coffee;5;2.0;10.0;Digital Wallet;;2023-03-14
TXN_6219634;Salad;1;5.0;5.0;Cash;Takeaway;2023-09-11
TXN_3539062;Salad;2;5.0;10.0;Digital Wallet;In-store;2023-10-04
TXN_8782513;Sandwich;5;4.0;20.0;;Takeaway;2023-10-15
TXN_2252218;UNKNOWN;4;5.0;20.0;Cash;;
TXN_2851804;Coffee;3;2.0;6.0;;;2023-11-30
TXN_9175519;Cake;4;3.0;12.0;;ERROR;2023-10-05
TXN_6224451;Sandwich;1;4.0;ERROR;Credit Card;UNKNOWN;2023-03-19
TXN_3174488;UNKNOWN;4;1.0;4.0;Cash;Takeaway;2023-06-28
TXN_7630912;Juice;2;ERROR;6.0;Credit Card;;2023-01-04
TXN_5650608;Juice;UNKNOWN;3.0;3.0;Digital Wallet;;2023-06-25
TXN_2134911;Tea;5;1.5;7.5;Digital Wallet;In-store;2023-10-07
TXN_4013761;Coffee;3;2.0;6.0;UNKNOWN;;2023-09-07
TXN_9257475;UNKNOWN;4;3.0;12.0;Digital Wallet;;2023-07-06
TXN_6616311;Coffee;4;2.0;8.0;ERROR;;2023-09-01
TXN_9123562;Juice;5;3.0;15.0;Credit Card;Takeaway;UNKNOWN
TXN_6991430;Cookie;5;1.0;5.0;Cash;In-store;2023-05-31
TXN_6778974;Smoothie;2;4.0;8.0;;;2023-09-07
TXN_1818438;Coffee;5;2.0;10.0;Cash;;2023-06-18
TXN_5486886;Smoothie;1;4.0;4.0;;;2023-12-23
TXN_5470598;Cake;3;3.0;9.0;Digital Wallet;In-store;2023-03-14
TXN_3186333;Cookie;5;1.0;5.0;Cash;In-store;2023-08-19
TXN_8748633;Sandwich;5;ERROR;20.0;Cash;Takeaway;2023-04-27
TXN_3228558;Sandwich;2;4.0;8.0;Credit Card;;2023-12-13
TXN_6388107;;3;3.0;9.0;Digital Wallet;In-store;2023-12-04
TXN_6506895;Cake;5;3.0;15.0;Credit Card;In-store;2023-08-10
TXN_2917211;Smoothie;5;4.0;20.0;Digital Wallet;Takeaway;2023-11-19
TXN_5882566;Cake;1;3.0;3.0;;Takeaway;2023-07-09
TXN_2413548;Tea;2;1.5;3.0;Credit Card;;2023-08-12
TXN_6633097;Juice;4;3.0;12.0;Credit Card;In-store;UNKNOWN
TXN_7116936;Coffee;5;2.0;10.0;Credit Card;Takeaway;2023-05-19
TXN_7991322;Coffee;5;2.0;10.0;Digital Wallet;;2023-11-14
TXN_1914728;;5;1.0;5.0;Cash;In-store;2023-06-16
TXN_4209748;Cookie;2;1.0;2.0;Digital Wallet;Takeaway;2023-10-24
TXN_8941438;Juice;4;3.0;12.0;Digital Wallet;;2023-07-23
TXN_7932127;Coffee;3;2.0;UNKNOWN;;;2023-07-29
TXN_7097699;Tea;4;1.5;6.0;;Takeaway;2023-12-16
TXN_7054849;Cake;4;3.0;12.0;Cash;Takeaway;2023-06-16
TXN_7185724;Cake;4;3.0;12.0;ERROR;Takeaway;2023-05-06
TXN_5664982;Tea;5;1.5;;Digital Wallet;In-store;2023-12-24
TXN_9378562;Juice;3;3.0;9.0;;;2023-09-06
TXN_2892693;Cookie;4;1.0;4.0;Credit Card;In-store;2023-03-02
TXN_2265603;Smoothie;3;4.0;12.0;Digital Wallet;Takeaway;
TXN_6552269;UNKNOWN;4;3.0;12.0;Cash;Takeaway;2023-04-29
TXN_4639918;Sandwich;1;4.0;4.0;Digital Wallet;ERROR;2023-11-05
TXN_6037144;Tea;3;1.5;4.5;Cash;Takeaway;2023-09-02
TXN_3494014;Cake;1;3.0;3.0;Credit Card;In-store;2023-06-09
TXN_3656884;Coffee;5;2.0;10.0;Credit Card;;2023-10-08
TXN_2277013;Smoothie;3;4.0;12.0;;;2023-07-26
TXN_5423636;Sandwich;4;4.0;16.0;Cash;UNKNOWN;2023-10-18
TXN_8040251;Coffee;1;2.0;2.0;Digital Wallet;;2023-04-16
TXN_1635137;Cake;2;3.0;6.0;Cash;;2023-12-28
TXN_8411549;Tea;4;;6.0;Credit Card;In-store;2023-02-15
TXN_3747376;UNKNOWN;2;1.0;2.0;Digital Wallet;Takeaway;2023-11-03
TXN_1503903;Tea;1;1.5;1.5;Cash;Takeaway;2023-03-20
TXN_8606152;Smoothie;5;4.0;20.0;Credit Card;;2023-08-05
TXN_1260517;Smoothie;5;4.0;20.0;Digital Wallet;Takeaway;2023-04-17
TXN_6898368;Smoothie;3;4.0;12.0;Digital Wallet;;2023-05-01
TXN_2224251;Juice;4;3.0;;Digital Wallet;Takeaway;2023-04-14
TXN_4567429;Tea;3;1.5;4.5;Cash;;2023-10-11
TXN_8622404;Cookie;3;1.0;UNKNOWN;;;2023-09-21
TXN_1152249;Smoothie;3;4.0;ERROR;;In-store;2023-05-09
TXN_2989533;Salad;5;5.0;25.0;;Takeaway;2023-01-30
TXN_3734446;;5;2.0;10.0;Digital Wallet;;2023-04-16
TXN_9517380;Tea;4;UNKNOWN;6.0;Cash;;2023-10-29
TXN_3599216;ERROR;ERROR;1.5;1.5;Cash;In-store;2023-09-21
TXN_1363508;Salad;4;5.0;20.0;Cash;;2023-08-08
TXN_7969017;Tea;3;1.5;4.5;Digital Wallet;;2023-02-17
TXN_6987705;Cookie;5;1.0;5.0;Cash;;2023-06-04
TXN_8490157;Salad;2;5.0;10.0;Credit Card;In-store;2023-09-06
TXN_7878395;Salad;3;5.0;15.0;Credit Card;In-store;2023-05-26
TXN_1672632;;3;5.0;15.0;Digital Wallet;;2023-07-04
TXN_9216314;Cake;1;3.0;3.0;Credit Card;UNKNOWN;2023-03-07
TXN_1647144;Salad;2;UNKNOWN;10.0;;Takeaway;2023-08-29
TXN_4090464;Sandwich;5;4.0;20.0;Cash;Takeaway;2023-01-16
TXN_2172301;Cookie;4;1.0;4.0;Digital Wallet;Takeaway;2023-04-06
TXN_3730077;Cookie;2;1.0;2.0;Credit Card;;2023-07-08
TXN_8253046;Cake;1;3.0;3.0;ERROR;In-store;2023-12-20
TXN_2901304;Cookie;3;1.0;3.0;;ERROR;2023-07-01
TXN_6198799;Salad;1;ERROR;5.0;;;2023-05-27
TXN_9910573;Salad;2;5.0;;;Takeaway;2023-01-28
TXN_3680192;Salad;4;5.0;20.0;Digital Wallet;Takeaway;2023-05-20
TXN_9268974;Sandwich;2;4.0;8.0;Digital Wallet;Takeaway;2023-10-29
TXN_7435796;Coffee;2;2.0;4.0;Cash;In-store;2023-11-03
TXN_1882390;Cookie;1;1.0;1.0;;Takeaway;2023-05-22
TXN_2465074;Smoothie;1;4.0;UNKNOWN;Digital Wallet;;2023-09-29
TXN_8038871;Juice;5;3.0;15.0;Digital Wallet;;2023-06-09
TXN_1269172;Sandwich;1;4.0;4.0;Cash;;2023-08-22
TXN_4564556;Coffee;3;2.0;6.0;Credit Card;;2023-11-21
TXN_8139533;Smoothie;1;ERROR;4.0;Cash;In-store;2023-09-21
TXN_1998401;;1;4.0;4.0;Cash;;2023-09-17
TXN_9327493;UNKNOWN;1;2.0;2.0;;UNKNOWN;2023-03-27
TXN_7349319;Cookie;3;1.0;3.0;Digital Wallet;;2023-03-10
TXN_7294526;Smoothie;5;4.0;20.0;Digital Wallet;Takeaway;2023-12-02
TXN_5618976;Coffee;2;2.0;4.0;Cash;Takeaway;2023-12-05
TXN_3964398;Cake;4;3.0;12.0;Credit Card;Takeaway;2023-10-20
TXN_4372163;Sandwich;1;4.0;4.0;;;2023-03-10
TXN_7242133;Coffee;3;2.0;6.0;;UNKNOWN;2023-05-20
TXN_7083168;Cookie;4;1.0;4.0;;Takeaway;2023-06-01
TXN_5107006;UNKNOWN;4;1.0;4.0;;;2023-04-18
TXN_1210183;Tea;3;1.5;4.5;ERROR;In-store;2023-01-23
TXN_3419352;Salad;3;5.0;15.0;Digital Wallet;In-store;2023-10-22
TXN_1900036;Cookie;1;1.0;1.0;UNKNOWN;;2023-12-20
TXN_7497565;Cookie;4;1.0;4.0;;Takeaway;2023-10-07
TXN_6851735;UNKNOWN;1;1.0;1.0;Digital Wallet;;2023-01-17
TXN_6716918;Coffee;2;2.0;4.0;;;2023-04-10
TXN_6654975;Salad;3;5.0;15.0;;In-store;2023-08-11
TXN_9184804;Cookie;2;UNKNOWN;2.0;Digital Wallet;;2023-11-08
TXN_9100063;Sandwich;2;4.0;8.0;;In-store;2023-09-16
TXN_6202631;Tea;2;1.5;3.0;Digital Wallet;Takeaway;2023-07-29
TXN_1868447;Tea;3;1.5;4.5;Cash;ERROR;2023-09-30
TXN_4726531;Salad;5;5.0;25.0;Cash;Takeaway;2023-09-09
TXN_8640655;Coffee;3;2.0;6.0;;UNKNOWN;2023-12-27
TXN_8377812;Tea;2;1.5;3.0;Digital Wallet;In-store;2023-03-27
TXN_2603561;Coffee;3;2.0;6.0;Digital Wallet;;2023-04-25
TXN_9822173;Cake;5;3.0;15.0;Digital Wallet;;2023-05-22
TXN_2163150;Salad;1;5.0;5.0;Cash;In-store;2023-08-25
TXN_2371464;Smoothie;4;4.0;16.0;Cash;In-store;2023-09-20
TXN_3389521;Salad;5;ERROR;25.0;Digital Wallet;;2023-02-10
TXN_8916290;Salad;5;5.0;25.0;Digital Wallet;;2023-07-08
TXN_6130281;ERROR;2;4.0;8.0;Cash;;2023-01-18
TXN_2505416;Cookie;UNKNOWN;1.0;2.0;ERROR;UNKNOWN;2023-05-18
TXN_8275626;Coffee;2;2.0;4.0;;Takeaway;2023-09-10
TXN_9803409;Cookie;4;1.0;4.0;;In-store;2023-01-24
TXN_3094597;Sandwich;4;4.0;16.0;;;2023-03-11
TXN_5276842;Coffee;2;2.0;4.0;Digital Wallet;Takeaway;2023-06-26
TXN_1367003;Salad;5;5.0;25.0;Cash;In-store;2023-11-10
TXN_1752992;UNKNOWN;3;2.0;6.0;;;2023-12-12
TXN_5716276;UNKNOWN;4;1.5;6.0;Digital Wallet;;2023-09-12
TXN_5696844;Cookie;2;1.0;2.0;;In-store;2023-01-29
TXN_5672156;Cookie;2;;2.0;Credit Card;In-store;2023-07-05
TXN_6480646;ERROR;2;1.5;3.0;;Takeaway;2023-10-28
TXN_1603051;ERROR;4;1.0;4.0;Credit Card;Takeaway;2023-03-21
TXN_6293225;Cake;4;3.0;12.0;Cash;UNKNOWN;2023-07-02
TXN_6567880;Sandwich;5;UNKNOWN;20.0;Credit Card;;2023-08-15
TXN_6355620;Cookie;1;UNKNOWN;1.0;Cash;;2023-06-18
TXN_3466686;Smoothie;3;4.0;12.0;Digital Wallet;Takeaway;2023-09-03
TXN_6064301;Cookie;1;1.0;1.0;Credit Card;Takeaway;2023-07-12
TXN_5005674;Salad;4;5.0;20.0;Credit Card;In-store;2023-10-03
TXN_1714471;Juice;4;3.0;12.0;Cash;Takeaway;2023-08-17
TXN_5420062;UNKNOWN;4;5.0;20.0;Cash;In-store;2023-06-06
TXN_6377813;Salad;2;5.0;10.0;Credit Card;;2023-08-07
TXN_3271393;Smoothie;4;4.0;16.0;Cash;In-store;
TXN_2857444;Smoothie;1;ERROR;ERROR;Cash;Takeaway;2023-05-10
TXN_1064565;Juice;4;3.0;12.0;Digital Wallet;In-store;2023-03-14
TXN_1784150;UNKNOWN;3;1.0;;;;2023-03-10
TXN_9104545;Juice;2;3.0;6.0;Digital Wallet;Takeaway;2023-03-19
TXN_2108125;Coffee;1;2.0;2.0;Credit Card;In-store;2023-10-06
TXN_7795324;Salad;2;5.0;10.0;;;2023-06-28
TXN_1203191;Coffee;5;2.0;10.0;ERROR;In-store;2023-10-12
TXN_8743849;Juice;2;3.0;6.0;Digital Wallet;Takeaway;2023-05-04
TXN_8588231;Cake;4;3.0;12.0;;Takeaway;2023-09-02
TXN_6324818;Salad;5;5.0;25.0;;;2023-06-26
TXN_4536827;Cookie;3;;3.0;Digital Wallet;Takeaway;2023-10-14
TXN_6226704;;4;2.0;8.0;Digital Wallet;In-store;2023-09-07
TXN_2693108;Cookie;3;1.0;ERROR;Cash;In-store;2023-11-18
TXN_6234070;Smoothie;2;4.0;8.0;Credit Card;Takeaway;2023-01-31
TXN_9816901;Coffee;2;2.0;4.0;Cash;ERROR;2023-12-07
TXN_9489495;Coffee;1;2.0;2.0;Credit Card;;2023-05-20
TXN_7637178;Coffee;3;2.0;6.0;Digital Wallet;Takeaway;2023-05-26
TXN_1281536;Smoothie;5;4.0;20.0;Digital Wallet;In-store;2023-03-19
TXN_2591969;Salad;ERROR;5.0;20.0;Credit Card;In-store;ERROR
TXN_8736069;Tea;5;1.5;7.5;Cash;Takeaway;2023-07-06
TXN_7975336;Tea;5;1.5;UNKNOWN;Credit Card;Takeaway;2023-12-03
TXN_9278090;Cake;5;3.0;15.0;Credit Card;;2023-12-28
TXN_8939048;Cookie;3;1.0;3.0;Digital Wallet;;
TXN_1193809;Tea;3;1.5;4.5;Digital Wallet;;2023-01-21
TXN_9281710;Juice;3;3.0;9.0;Credit Card;In-store;2023-08-05
TXN_3784001;Sandwich;1;4.0;4.0;;Takeaway;
TXN_3291149;Coffee;5;2.0;10.0;;;2023-12-09
TXN_3596270;Coffee;UNKNOWN;2.0;8.0;Credit Card;Takeaway;2023-05-05
TXN_8172182;Cake;2;3.0;6.0;;;2023-06-22
TXN_3902135;Tea;4;1.5;6.0;Credit Card;ERROR;2023-06-20
TXN_9007414;Cake;3;3.0;9.0;Cash;;2023-12-08
TXN_9131337;Sandwich;4;4.0;16.0;Credit Card;Takeaway;2023-05-24
TXN_2278015;Tea;2;1.5;3.0;Digital Wallet;In-store;2023-04-10
TXN_1077060;Coffee;3;2.0;6.0;;Takeaway;2023-08-22
TXN_9362728;Sandwich;1;4.0;4.0;;In-store;2023-12-26
TXN_6471185;Juice;UNKNOWN;3.0;15.0;;In-store;2023-03-17
TXN_5677927;UNKNOWN;5;5.0;25.0;Digital Wallet;;2023-12-20
TXN_6177081;Cookie;ERROR;UNKNOWN;1.0;Cash;ERROR;2023-07-26
TXN_9281586;Sandwich;5;4.0;20.0;;ERROR;2023-05-20
TXN_8721484;ERROR;4;2.0;8.0;;UNKNOWN;2023-04-03
TXN_9350427;Juice;5;3.0;15.0;;;2023-01-24
TXN_7860054;Tea;5;1.5;7.5;Credit Card;In-store;2023-02-07
TXN_9233730;Tea;5;1.5;7.5;Credit Card;;2023-05-28
TXN_8304399;Tea;2;1.5;3.0;Cash;In-store;2023-06-08
TXN_1538515;Juice;4;3.0;12.0;Cash;;2023-06-11
TXN_9774251;;2;3.0;6.0;Digital Wallet;Takeaway;2023-06-16
TXN_4565233;Salad;3;5.0;15.0;Credit Card;In-store;2023-11-16
TXN_6898341;Tea;2;1.5;3.0;Credit Card;In-store;2023-08-21
TXN_1016246;Coffee;1;2.0;2.0;ERROR;;2023-01-19
TXN_9160109;Cake;1;3.0;3.0;Credit Card;;2023-08-03
TXN_1082012;Smoothie;5;4.0;20.0;Credit Card;;2023-01-04
TXN_8325464;UNKNOWN;5;4.0;20.0;Credit Card;Takeaway;2023-08-02
TXN_7322436;Sandwich;3;4.0;12.0;Digital Wallet;In-store;2023-06-29
TXN_1733916;Sandwich;4;4.0;16.0;Digital Wallet;In-store;2023-01-12
TXN_6068564;Cake;4;3.0;;Credit Card;Takeaway;2023-09-28
TXN_7023753;Coffee;ERROR;2.0;10.0;Credit Card;Takeaway;2023-05-16
TXN_4507630;Smoothie;2;4.0;8.0;UNKNOWN;Takeaway;2023-05-11
TXN_5037728;Smoothie;UNKNOWN;4.0;12.0;Credit Card;ERROR;2023-08-18
TXN_4577234;UNKNOWN;4;3.0;12.0;UNKNOWN;In-store;2023-06-09
TXN_6309570;Smoothie;1;4.0;4.0;Digital Wallet;In-store;2023-09-26
TXN_7587652;UNKNOWN;1;3.0;3.0;Cash;;2023-08-23
TXN_1118799;ERROR;4;4.0;;Credit Card;Takeaway;2023-09-19
TXN_5738282;Cake;4;3.0;12.0;Credit Card;In-store;UNKNOWN
TXN_8192063;Juice;4;3.0;12.0;Cash;;2023-02-06
TXN_2687593;UNKNOWN;5;3.0;15.0;;Takeaway;2023-06-27
TXN_1603563;Cake;4;3.0;12.0;;Takeaway;2023-04-13
TXN_6346483;Coffee;1;2.0;2.0;Credit Card;;2023-06-08
TXN_3499910;Cookie;4;1.0;4.0;Credit Card;Takeaway;2023-09-29
TXN_8616276;UNKNOWN;2;UNKNOWN;3.0;Digital Wallet;Takeaway;2023-07-22
TXN_5941840;Cookie;4;1.0;4.0;;;2023-04-01
TXN_6249023;Juice;1;3.0;3.0;Credit Card;;2023-11-03
TXN_8620426;Cookie;3;1.0;3.0;Credit Card;Takeaway;2023-11-28
TXN_2037742;Cake;4;3.0;12.0;Digital Wallet;In-store;2023-11-14
TXN_7013527;Salad;2;5.0;10.0;Credit Card;In-store;2023-05-18
TXN_2798420;Tea;5;1.5;7.5;Digital Wallet;Takeaway;2023-03-17
TXN_6500126;Smoothie;2;UNKNOWN;UNKNOWN;;UNKNOWN;
TXN_8106064;Cookie;UNKNOWN;1.0;1.0;;;2023-06-17
TXN_5483442;Tea;UNKNOWN;1.5;7.5;Cash;;2023-04-03
TXN_3926570;Coffee;3;2.0;6.0;;UNKNOWN;2023-09-04
TXN_9489442;;3;2.0;6.0;Credit Card;Takeaway;2023-02-06
TXN_5506907;Cookie;2;1.0;2.0;Cash;Takeaway;2023-12-08
TXN_8155325;;5;2.0;10.0;Digital Wallet;In-store;2023-11-27
TXN_5353468;Tea;2;1.5;3.0;Credit Card;In-store;2023-11-30
TXN_2111293;Smoothie;3;4.0;12.0;;Takeaway;2023-05-29
TXN_2101632;Sandwich;4;4.0;16.0;;Takeaway;2023-06-12
TXN_3355537;Tea;3;1.5;4.5;Digital Wallet;ERROR;2023-01-09
TXN_4594866;Cookie;1;1.0;1.0;Digital Wallet;ERROR;2023-03-24
TXN_7485712;Sandwich;4;4.0;16.0;Cash;In-store;2023-04-15
TXN_4848431;Salad;5;5.0;25.0;Credit Card;;2023-01-09
TXN_7352058;Coffee;2;2.0;4.0;UNKNOWN;Takeaway;2023-08-24
TXN_3442244;Cake;4;3.0;12.0;;Takeaway;2023-05-13
TXN_9810868;Cookie;1;1.0;1.0;Credit Card;Takeaway;2023-10-05
TXN_1430778;;1;1.5;1.5;Credit Card;Takeaway;2023-05-26
TXN_4837909;Cake;5;3.0;15.0;;Takeaway;2023-11-19
TXN_4722816;Salad;4;5.0;20.0;Cash;In-store;2023-10-19
TXN_1833012;Salad;3;5.0;15.0;Digital Wallet;;2023-08-16
TXN_6933222;Tea;1;1.5;1.5;Cash;;2023-01-22
TXN_7737862;Cookie;2;1.0;2.0;Credit Card;;2023-08-29
TXN_7814690;Smoothie;1;4.0;4.0;Credit Card;Takeaway;2023-05-10
TXN_8880299;UNKNOWN;1;1.5;1.5;UNKNOWN;;2023-11-16
TXN_6083650;Coffee;2;2.0;4.0;Digital Wallet;Takeaway;2023-07-01
TXN_8342990;Tea;1;1.5;1.5;Digital Wallet;Takeaway;2023-04-23
TXN_4407959;Tea;1;1.5;1.5;Digital Wallet;Takeaway;2023-01-28
TXN_4382970;Tea;;1.5;1.5;;In-store;2023-06-04
TXN_3422759;Salad;5;5.0;25.0;Credit Card;Takeaway;2023-02-19
TXN_1074435;Coffee;1;2.0;2.0;;In-store;2023-11-25
TXN_8164332;Tea;4;1.5;6.0;Cash;Takeaway;2023-04-22
TXN_1912525;ERROR;4;4.0;16.0;Cash;Takeaway;2023-11-25
TXN_9715885;Smoothie;4;4.0;16.0;UNKNOWN;In-store;2023-06-16
TXN_1583983;Tea;3;1.5;4.5;Credit Card;;2023-03-02
TXN_3634860;Juice;5;3.0;15.0;Credit Card;;2023-05-28
TXN_5732357;Tea;5;1.5;7.5;Credit Card;;2023-05-06
TXN_2379052;UNKNOWN;1;5.0;5.0;;;2023-02-16
TXN_7502273;UNKNOWN;5;2.0;10.0;UNKNOWN;In-store;2023-11-14
TXN_2567222;Coffee;3;2.0;6.0;UNKNOWN;Takeaway;2023-09-09
TXN_3166181;Cookie;3;1.0;3.0;Credit Card;In-store;2023-05-21
TXN_5644074;Sandwich;2;;8.0;Digital Wallet;In-store;2023-11-08
TXN_5173881;Cookie;3;1.0;3.0;Cash;Takeaway;2023-01-29
TXN_2396923;Cookie;1;ERROR;1.0;Digital Wallet;;2023-11-02
TXN_7249235;ERROR;3;4.0;12.0;Cash;ERROR;2023-05-27
TXN_9612877;Smoothie;1;4.0;4.0;Cash;In-store;2023-03-07
TXN_4841285;Tea;2;1.5;3.0;Credit Card;UNKNOWN;2023-05-04
TXN_1263426;Sandwich;2;UNKNOWN;8.0;;UNKNOWN;2023-10-20
TXN_5293518;Sandwich;3;;12.0;;In-store;2023-07-16
TXN_4296204;Salad;5;5.0;25.0;Digital Wallet;In-store;2023-11-28
TXN_7180164;Sandwich;ERROR;4.0;20.0;Cash;Takeaway;2023-01-05
TXN_6478978;Juice;3;3.0;9.0;Credit Card;Takeaway;2023-10-27
TXN_2030107;Juice;4;3.0;12.0;;Takeaway;2023-01-03
TXN_4897182;Cake;3;3.0;9.0;Cash;Takeaway;2023-11-26
TXN_4612269;Salad;5;;25.0;;ERROR;2023-01-09
TXN_7630750;Juice;2;3.0;6.0;Digital Wallet;In-store;2023-03-16
TXN_6380978;Tea;1;1.5;1.5;Cash;;2023-12-31
TXN_3744974;UNKNOWN;1;3.0;3.0;;In-store;2023-01-09
TXN_7551023;Salad;5;5.0;25.0;Cash;;2023-10-06
TXN_2629168;Juice;1;3.0;3.0;Credit Card;;
TXN_6416741;Coffee;ERROR;2.0;8.0;Cash;;2023-12-03
TXN_1269252;Cake;1;3.0;3.0;Digital Wallet;Takeaway;2023-07-18
TXN_2377708;Cookie;1;1.0;1.0;;Takeaway;2023-01-03
TXN_3193212;Cake;1;3.0;3.0;Cash;In-store;2023-11-23
TXN_1427963;Coffee;1;2.0;2.0;Cash;;2023-10-14
TXN_3391446;Tea;1;1.5;1.5;;Takeaway;2023-01-14
TXN_4849180;UNKNOWN;5;;15.0;Credit Card;In-store;2023-10-14
TXN_2370338;Cake;4;3.0;12.0;Credit Card;Takeaway;2023-10-30
TXN_8628848;Juice;1;3.0;3.0;Credit Card;In-store;2023-01-29
TXN_4294955;Salad;5;5.0;25.0;UNKNOWN;UNKNOWN;2023-10-19
TXN_6894703;Cookie;1;1.0;1.0;Digital Wallet;;2023-06-06
TXN_9926931;Cookie;5;1.0;;;Takeaway;2023-01-26
TXN_9681369;Salad;5;5.0;25.0;;;2023-10-23
TXN_9246948;Cake;5;3.0;15.0;Credit Card;;2023-11-11
TXN_8519330;Cookie;4;1.0;4.0;;;2023-03-18
TXN_1720329;Cookie;2;1.0;UNKNOWN;Cash;;2023-04-06
TXN_9859715;Smoothie;5;4.0;20.0;;;2023-07-11
TXN_2805332;Cake;4;3.0;12.0;Cash;;2023-08-10
TXN_4807265;Sandwich;3;4.0;12.0;Digital Wallet;ERROR;2023-11-19
TXN_5275315;Smoothie;2;4.0;8.0;Digital Wallet;In-store;2023-01-19
TXN_7423281;Juice;1;3.0;3.0;Digital Wallet;;2023-06-01
TXN_9764251;Cookie;4;1.0;4.0;ERROR;Takeaway;2023-06-18
TXN_1034956;Sandwich;4;4.0;16.0;Cash;In-store;ERROR
TXN_9272043;Cake;4;3.0;12.0;;;2023-04-20
TXN_5591048;UNKNOWN;3;2.0;6.0;;In-store;2023-01-15
TXN_4455667;Sandwich;2;4.0;8.0;Credit Card;;2023-08-13
TXN_9945729;;2;5.0;10.0;Digital Wallet;;2023-02-03
TXN_8124663;Sandwich;2;4.0;8.0;Credit Card;Takeaway;2023-10-15
TXN_1769466;UNKNOWN;5;2.0;10.0;Digital Wallet;Takeaway;2023-08-01
TXN_3209184;Salad;ERROR;5.0;20.0;Cash;Takeaway;2023-03-19
TXN_6717074;Tea;3;1.5;4.5;Digital Wallet;Takeaway;2023-06-12
TXN_2833327;UNKNOWN;3;2.0;6.0;Cash;;2023-07-05
TXN_3856021;Salad;1;5.0;5.0;Credit Card;;2023-02-24
TXN_2902289;Tea;5;1.5;7.5;Credit Card;In-store;2023-12-16
TXN_9456575;Tea;5;1.5;7.5;Cash;;2023-06-10
TXN_9231214;Tea;4;1.5;6.0;Digital Wallet;Takeaway;2023-05-24
TXN_6935106;Tea;5;1.5;7.5;;In-store;UNKNOWN
TXN_2005789;Juice;3;3.0;9.0;Credit Card;Takeaway;2023-03-13
TXN_4814965;Salad;2;5.0;10.0;Digital Wallet;;2023-07-23
TXN_5656252;Sandwich;4;4.0;16.0;;Takeaway;2023-08-04
TXN_6739950;Salad;ERROR;5.0;20.0;Credit Card;In-store;2023-03-04
TXN_1165762;;3;2.0;6.0;Credit Card;;2023-10-22
TXN_1122700;Salad;5;5.0;ERROR;Digital Wallet;In-store;2023-11-09
TXN_6441337;Coffee;5;2.0;10.0;ERROR;Takeaway;2023-02-22
TXN_9134335;Cake;3;3.0;9.0;Digital Wallet;Takeaway;2023-01-30
TXN_7278970;Salad;2;5.0;10.0;;In-store;2023-08-15
TXN_7376255;UNKNOWN;UNKNOWN;UNKNOWN;25.0;;In-store;2023-05-27
TXN_1075969;Cookie;2;1.0;2.0;Digital Wallet;ERROR;2023-08-13
TXN_1972843;Coffee;2;2.0;4.0;ERROR;ERROR;2023-02-20
TXN_9546951;Sandwich;4;4.0;16.0;;;2023-12-14
TXN_2336946;Sandwich;4;4.0;16.0;;;2023-05-29
TXN_4219548;Coffee;5;2.0;10.0;;Takeaway;2023-07-24
TXN_5799196;Sandwich;3;4.0;12.0;Digital Wallet;;2023-12-03
TXN_3337203;Smoothie;3;4.0;12.0;;Takeaway;2023-11-16
TXN_4561006;Juice;3;3.0;9.0;Credit Card;;2023-11-23
TXN_6652858;Salad;5;5.0;25.0;Credit Card;In-store;2023-09-13
TXN_5932892;Juice;4;3.0;12.0;Digital Wallet;In-store;2023-11-19
TXN_7466586;Salad;4;5.0;20.0;Digital Wallet;Takeaway;2023-04-02
TXN_4207981;Smoothie;1;4.0;4.0;Digital Wallet;In-store;2023-03-17
TXN_2771482;Salad;4;5.0;20.0;Credit Card;;2023-02-03
TXN_9450903;Smoothie;3;4.0;12.0;Digital Wallet;;2023-04-07
TXN_1165779;Cookie;4;1.0;4.0;Digital Wallet;Takeaway;2023-06-30
TXN_8205635;Cake;5;3.0;15.0;Credit Card;ERROR;
TXN_1984966;;2;1.5;3.0;Credit Card;Takeaway;2023-03-31
TXN_4607933;Smoothie;2;4.0;8.0;Credit Card;In-store;2023-09-22
TXN_3486178;Cake;5;3.0;15.0;Cash;;2023-06-09
TXN_2324227;Cookie;1;1.0;1.0;Digital Wallet;In-store;2023-06-07
TXN_2452819;Cookie;3;1.0;3.0;Credit Card;In-store;2023-07-31
TXN_2342256;Tea;3;1.5;4.5;;;
TXN_4789193;Juice;3;3.0;9.0;;;2023-02-21
TXN_5743519;Smoothie;2;4.0;;Cash;;2023-05-23
TXN_1783857;Coffee;2;UNKNOWN;4.0;Digital Wallet;In-store;2023-11-29
TXN_6269540;ERROR;ERROR;4.0;12.0;;;2023-12-06
TXN_8106538;Coffee;3;UNKNOWN;6.0;Digital Wallet;;2023-07-09
TXN_6732494;Coffee;2;2.0;4.0;Credit Card;Takeaway;2023-03-18
TXN_3828620;ERROR;1;5.0;5.0;;In-store;2023-10-15
TXN_9958548;Tea;4;1.5;6.0;;In-store;UNKNOWN
TXN_5458161;Sandwich;1;4.0;4.0;Digital Wallet;Takeaway;2023-07-19
TXN_1518379;Juice;4;3.0;12.0;;In-store;2023-08-12
TXN_9097840;Tea;3;1.5;4.5;Credit Card;;2023-02-06
TXN_5747094;Juice;2;3.0;6.0;Digital Wallet;Takeaway;2023-05-11
TXN_9782087;Sandwich;4;4.0;16.0;Credit Card;In-store;2023-07-27
TXN_5824950;Coffee;1;2.0;2.0;Credit Card;In-store;2023-12-06
TXN_6682782;Cookie;5;1.0;5.0;Cash;In-store;2023-12-15
TXN_2468359;;2;5.0;10.0;;;2023-07-20
TXN_1902038;UNKNOWN;4;2.0;8.0;Credit Card;Takeaway;2023-04-07
TXN_9405019;Cake;5;3.0;15.0;;;
TXN_7210366;Cake;2;3.0;6.0;Digital Wallet;UNKNOWN;2023-03-25
TXN_6327785;ERROR;3;1.5;4.5;Credit Card;;2023-11-20
TXN_3206293;Cookie;5;1.0;5.0;Digital Wallet;Takeaway;2023-05-04
TXN_5827969;Salad;5;5.0;25.0;Digital Wallet;;2023-07-03
TXN_6999471;;1;3.0;3.0;;;2023-08-07
TXN_2859077;Smoothie;3;4.0;12.0;Digital Wallet;Takeaway;2023-01-31
TXN_3643361;Tea;1;1.5;;Cash;;2023-01-12
TXN_8066306;Cake;5;3.0;15.0;Digital Wallet;Takeaway;2023-01-07
TXN_2260351;Coffee;3;2.0;6.0;Cash;;2023-10-26
TXN_5224275;Cookie;4;1.0;4.0;Credit Card;In-store;2023-12-17
TXN_3842567;Salad;1;5.0;5.0;Credit Card;In-store;2023-03-13
TXN_8515063;UNKNOWN;3;1.0;3.0;;Takeaway;2023-12-06
TXN_2188137;UNKNOWN;1;1.5;1.5;Credit Card;UNKNOWN;2023-01-15
TXN_3104589;ERROR;2;1.0;2.0;Cash;Takeaway;2023-03-01
TXN_9638367;Coffee;1;2.0;2.0;UNKNOWN;;2023-07-22
TXN_8742742;Cake;4;3.0;12.0;;UNKNOWN;2023-03-07
TXN_5687012;Salad;2;5.0;10.0;Cash;;2023-03-12
TXN_5784372;Salad;2;ERROR;10.0;Cash;;2023-05-23
TXN_2737300;Cake;ERROR;3.0;3.0;;In-store;2023-12-25
TXN_5905025;Cookie;4;1.0;4.0;;Takeaway;2023-03-08
TXN_6602557;Cake;4;3.0;12.0;Cash;Takeaway;2023-02-06
TXN_8065180;Smoothie;5;4.0;20.0;Digital Wallet;Takeaway;2023-06-07
TXN_4448424;Salad;4;;20.0;Digital Wallet;;2023-01-31
TXN_3396099;Coffee;1;2.0;2.0;Digital Wallet;In-store;2023-04-06
TXN_2693431;Salad;2;5.0;10.0;Digital Wallet;;2023-05-20
TXN_7767493;Sandwich;5;4.0;20.0;Credit Card;In-store;2023-02-20
TXN_2954575;Tea;2;1.5;3.0;Digital Wallet;Takeaway;2023-11-14
TXN_8983868;UNKNOWN;5;2.0;10.0;Credit Card;;2023-03-10
TXN_3540841;ERROR;;1.5;4.5;Credit Card;In-store;2023-03-22
TXN_8933027;Juice;5;3.0;15.0;Credit Card;;2023-07-14
TXN_5763287;Cake;2;;6.0;Credit Card;;2023-06-27
TXN_7272945;Smoothie;4;4.0;16.0;;Takeaway;2023-04-13
TXN_8511110;Tea;3;1.5;4.5;;;2023-10-17
TXN_9307650;Coffee;3;2.0;6.0;UNKNOWN;Takeaway;2023-02-22
TXN_1812185;Juice;2;3.0;6.0;Digital Wallet;;2023-09-21
TXN_2134650;Juice;4;3.0;12.0;Digital Wallet;Takeaway;2023-02-11
TXN_7899761;Juice;2;3.0;6.0;UNKNOWN;In-store;2023-10-08
TXN_6785552;Juice;5;3.0;15.0;Cash;;2023-01-19
TXN_8794205;Cake;4;3.0;12.0;Credit Card;Takeaway;2023-10-22
TXN_2464879;Cake;2;3.0;6.0;Credit Card;;2023-10-11
TXN_8294790;Cookie;1;1.0;1.0;Digital Wallet;Takeaway;2023-09-01
TXN_4207219;Cake;1;3.0;3.0;Cash;In-store;2023-09-16
TXN_1921415;Cake;1;3.0;3.0;Cash;Takeaway;2023-11-03
TXN_7122109;Coffee;5;2.0;10.0;;Takeaway;2023-05-19
TXN_3601338;Cake;3;3.0;9.0;Credit Card;ERROR;2023-03-06
TXN_7403839;Coffee;1;2.0;2.0;;;2023-12-23
TXN_3709876;Coffee;1;2.0;2.0;Credit Card;Takeaway;2023-11-04
TXN_6063689;Cookie;3;1.0;3.0;Cash;In-store;2023-02-01
TXN_8126762;Coffee;5;2.0;10.0;Digital Wallet;Takeaway;2023-06-08
TXN_5940531;Tea;1;1.5;1.5;;In-store;2023-01-11
TXN_9844453;Tea;2;1.5;3.0;;;2023-01-09
TXN_5774784;Cake;5;3.0;15.0;;In-store;2023-10-04
TXN_6241682;Sandwich;3;4.0;12.0;;In-store;2023-09-07
TXN_1235828;Tea;4;1.5;6.0;Cash;Takeaway;2023-02-19
TXN_9206403;Cookie;1;1.0;1.0;;In-store;2023-12-15
TXN_8377178;Coffee;5;2.0;10.0;;;2023-02-03
TXN_8125141;Tea;3;1.5;4.5;;Takeaway;2023-04-18
TXN_9673343;;2;4.0;8.0;Cash;In-store;2023-06-22
TXN_8734331;;3;1.5;4.5;;;2023-05-17
TXN_9565246;Coffee;5;2.0;10.0;Cash;UNKNOWN;2023-12-28
TXN_9914747;Coffee;5;2.0;10.0;;;2023-12-05
TXN_6148776;Coffee;5;2.0;;;Takeaway;2023-03-02
TXN_4992510;Cookie;4;1.0;4.0;Cash;In-store;2023-01-26
TXN_8384806;Sandwich;3;UNKNOWN;12.0;;Takeaway;2023-07-07
TXN_6472826;Juice;4;3.0;12.0;Cash;In-store;2023-04-11
TXN_8131052;Cookie;1;1.0;1.0;Credit Card;Takeaway;2023-09-16
TXN_8425819;Sandwich;1;4.0;4.0;;;2023-01-09
TXN_8116619;Smoothie;3;4.0;12.0;Cash;In-store;UNKNOWN
TXN_6636395;Juice;4;3.0;12.0;Cash;In-store;2023-01-30
TXN_2137354;Coffee;2;2.0;4.0;;UNKNOWN;2023-05-17
TXN_3353615;Coffee;4;2.0;8.0;Credit Card;Takeaway;2023-07-24
TXN_2703095;Salad;1;5.0;5.0;;UNKNOWN;2023-10-05
TXN_7282082;Sandwich;4;4.0;16.0;;In-store;2023-02-02
TXN_6705109;Cake;3;3.0;9.0;Cash;In-store;2023-08-05
TXN_1857902;Sandwich;5;4.0;20.0;ERROR;Takeaway;2023-04-26
TXN_5788053;Sandwich;5;4.0;20.0;Digital Wallet;;2023-01-04
TXN_8650185;Smoothie;5;4.0;20.0;Cash;;2023-06-13
TXN_1171281;Coffee;2;2.0;4.0;Digital Wallet;;2023-02-06
TXN_9875865;Cookie;3;1.0;;Digital Wallet;ERROR;2023-10-23
TXN_6244602;Cake;5;3.0;15.0;Digital Wallet;;2023-05-06
TXN_5093855;;4;ERROR;6.0;Cash;Takeaway;2023-11-23
TXN_5588102;ERROR;4;1.0;4.0;Credit Card;In-store;2023-01-14
TXN_7762815;Smoothie;5;4.0;20.0;Credit Card;;2023-07-26
TXN_8421481;Coffee;4;2.0;8.0;Digital Wallet;Takeaway;2023-07-27
TXN_3717307;Cookie;;1.0;1.0;Credit Card;In-store;2023-07-02
TXN_6201227;Salad;2;5.0;10.0;Cash;Takeaway;2023-01-15
TXN_9052231;Sandwich;1;4.0;4.0;Credit Card;In-store;2023-08-20
TXN_8228865;Juice;3;3.0;9.0;Digital Wallet;In-store;2023-09-19
TXN_5875188;Salad;3;5.0;15.0;Digital Wallet;In-store;2023-07-09
TXN_7997704;Sandwich;2;4.0;;Digital Wallet;;2023-04-28
TXN_4409875;Cake;3;3.0;9.0;Digital Wallet;;2023-09-08
TXN_4015427;Cookie;5;1.0;5.0;Credit Card;;2023-08-05
TXN_3358787;Cake;1;3.0;3.0;Digital Wallet;;2023-06-10
TXN_8557847;;4;4.0;16.0;;Takeaway;2023-09-02
TXN_1307239;Coffee;1;2.0;2.0;Digital Wallet;Takeaway;2023-10-26
TXN_5138519;Cake;5;3.0;15.0;Cash;In-store;2023-05-22
TXN_8763436;Juice;4;3.0;12.0;Cash;;2023-04-11
TXN_3067609;UNKNOWN;4;5.0;;Cash;;2023-12-25
TXN_2450896;Smoothie;1;4.0;4.0;Digital Wallet;Takeaway;
TXN_4052950;Salad;2;5.0;10.0;Credit Card;UNKNOWN;2023-03-13
TXN_2207332;Coffee;1;2.0;2.0;Credit Card;;2023-01-12
TXN_6633385;ERROR;2;3.0;6.0;Credit Card;Takeaway;2023-02-12
TXN_8302551;Cake;4;3.0;12.0;;;
TXN_6710660;Salad;2;5.0;10.0;Cash;In-store;2023-02-08
TXN_9523369;Coffee;3;2.0;6.0;Digital Wallet;Takeaway;2023-08-25
TXN_3548756;Juice;3;3.0;9.0;Digital Wallet;;2023-02-24
TXN_9332035;Cookie;2;1.0;2.0;Digital Wallet;;2023-11-02
TXN_7539774;Salad;1;ERROR;5.0;;In-store;2023-02-12
TXN_7846513;Sandwich;3;4.0;12.0;Credit Card;;2023-10-19
TXN_6188931;Cake;5;3.0;15.0;Digital Wallet;In-store;2023-01-28
TXN_6707466;Salad;;5.0;10.0;Credit Card;;2023-04-02
TXN_4076392;Coffee;3;2.0;6.0;;In-store;2023-12-24
TXN_2365394;Cake;2;3.0;6.0;Digital Wallet;In-store;2023-04-06
TXN_7089466;Cookie;4;1.0;4.0;;;2023-12-26
TXN_2898188;Salad;4;5.0;20.0;Digital Wallet;Takeaway;2023-04-26
TXN_1632205;Cookie;4;1.0;4.0;ERROR;In-store;2023-02-04
TXN_3741197;Cake;4;3.0;12.0;Credit Card;;2023-10-13
TXN_5300938;Tea;5;1.5;7.5;Cash;Takeaway;2023-10-30
TXN_3547013;Tea;3;1.5;4.5;;UNKNOWN;2023-04-26
TXN_7705748;Juice;3;3.0;9.0;Digital Wallet;;2023-07-14
TXN_7469391;Coffee;5;2.0;10.0;Cash;In-store;UNKNOWN
TXN_8073173;Tea;5;1.5;7.5;Cash;;2023-07-05
TXN_1489746;Cookie;3;1.0;3.0;Digital Wallet;In-store;2023-12-18
TXN_2864951;Tea;5;1.5;7.5;Credit Card;Takeaway;2023-10-09
TXN_6817889;Tea;1;1.5;1.5;;;2023-10-04
TXN_7809825;UNKNOWN;2;4.0;8.0;Credit Card;;2023-08-26
TXN_7402573;Sandwich;4;4.0;UNKNOWN;;Takeaway;2023-02-13
TXN_4762520;Smoothie;1;4.0;4.0;Cash;Takeaway;2023-07-17
TXN_6869880;Juice;4;3.0;12.0;Digital Wallet;Takeaway;2023-08-05
TXN_3054405;Juice;3;3.0;9.0;Cash;In-store;2023-11-19
TXN_2085992;Cake;1;3.0;3.0;;Takeaway;2023-05-15
TXN_1443201;Cookie;5;1.0;5.0;Credit Card;In-store;2023-10-03
TXN_9157460;Cake;4;3.0;12.0;Digital Wallet;Takeaway;2023-01-23
TXN_2299364;Salad;1;5.0;5.0;Cash;In-store;2023-10-26
TXN_9948645;Salad;1;5.0;5.0;Credit Card;;2023-08-29
TXN_8244640;Cookie;1;1.0;1.0;ERROR;Takeaway;2023-09-24
TXN_9507568;Smoothie;4;4.0;16.0;Credit Card;;2023-10-12
TXN_7952916;Coffee;4;2.0;8.0;;;2023-12-10
TXN_1058927;Sandwich;4;4.0;16.0;Cash;;2023-07-08
TXN_2165365;Coffee;5;;10.0;Digital Wallet;Takeaway;2023-06-08
TXN_4497327;Cookie;2;1.0;2.0;Credit Card;UNKNOWN;2023-11-08
TXN_3677890;Sandwich;UNKNOWN;4.0;12.0;Credit Card;In-store;2023-02-28
TXN_6029333;Cake;1;3.0;3.0;;;2023-06-10
TXN_9300970;Cake;2;3.0;6.0;Credit Card;Takeaway;2023-03-06
TXN_3931747;;4;1.0;4.0;;Takeaway;2023-01-14
TXN_5747642;Salad;2;5.0;10.0;Cash;Takeaway;2023-07-26
TXN_1505875;Smoothie;4;4.0;16.0;Cash;Takeaway;2023-05-17
TXN_5417192;Cookie;4;1.0;4.0;Cash;In-store;2023-06-23
TXN_1522140;Cookie;4;1.0;4.0;Cash;;2023-05-28
TXN_5357157;Juice;4;3.0;12.0;Credit Card;In-store;2023-05-21
TXN_2000400;Tea;5;1.5;7.5;Digital Wallet;Takeaway;2023-09-29
TXN_5612022;Cookie;5;1.0;5.0;Digital Wallet;ERROR;2023-09-27
TXN_3105489;Cake;3;3.0;9.0;Digital Wallet;In-store;2023-03-14
TXN_4509329;Tea;1;1.5;1.5;;Takeaway;2023-10-22
TXN_1724815;UNKNOWN;;4.0;12.0;;In-store;2023-08-16
TXN_2096922;Coffee;3;2.0;6.0;Digital Wallet;Takeaway;2023-12-11
TXN_2563679;Salad;3;5.0;15.0;Digital Wallet;;2023-04-09
TXN_2930503;Juice;3;3.0;9.0;;In-store;2023-06-18
TXN_9265178;Sandwich;4;4.0;16.0;Cash;Takeaway;2023-03-18
TXN_7126770;Cake;4;3.0;12.0;Credit Card;Takeaway;2023-11-09
TXN_6348409;Salad;3;5.0;15.0;Credit Card;Takeaway;2023-07-26
TXN_3776109;UNKNOWN;1;5.0;5.0;;;2023-05-20
TXN_2538739;Salad;2;5.0;10.0;;In-store;2023-07-29
TXN_4159135;Coffee;3;2.0;6.0;;Takeaway;2023-02-09
TXN_1454866;Sandwich;1;UNKNOWN;4.0;Digital Wallet;Takeaway;2023-12-13
TXN_4654061;Sandwich;2;4.0;8.0;Credit Card;;2023-05-04
TXN_8160791;Cake;5;3.0;15.0;Digital Wallet;In-store;2023-10-24
TXN_1647069;Sandwich;1;4.0;4.0;Credit Card;Takeaway;2023-04-06
TXN_8499005;ERROR;5;2.0;10.0;;;2023-10-26
TXN_1512185;Coffee;4;2.0;8.0;Cash;Takeaway;2023-06-16
TXN_8632653;Juice;2;3.0;6.0;ERROR;In-store;2023-12-24
TXN_8744240;;4;4.0;16.0;Cash;;2023-06-19
TXN_4190750;Juice;5;3.0;15.0;;Takeaway;2023-04-02
TXN_9470260;Coffee;5;2.0;10.0;;In-store;2023-10-07
TXN_6257213;Juice;5;3.0;15.0;Cash;;2023-12-12
TXN_1004563;Tea;5;1.5;7.5;Credit Card;In-store;2023-10-28
TXN_5352739;Sandwich;4;4.0;UNKNOWN;;;2023-07-31
TXN_7387056;Juice;4;3.0;ERROR;Credit Card;;2023-10-24
TXN_1927431;Cookie;1;1.0;1.0;Credit Card;In-store;2023-02-07
TXN_3432433;Cookie;5;1.0;5.0;Cash;In-store;2023-02-19
TXN_1130142;Cookie;1;1.0;1.0;Credit Card;In-store;2023-03-13
TXN_6682443;Cake;4;3.0;12.0;Digital Wallet;;2023-09-03
TXN_3279039;Cake;4;3.0;12.0;Credit Card;In-store;2023-06-26
TXN_6119612;;3;3.0;ERROR;Cash;;2023-12-25
TXN_1295824;Tea;1;1.5;1.5;Credit Card;;2023-08-01
TXN_8305936;Juice;3;3.0;9.0;Digital Wallet;In-store;2023-08-02
TXN_9550664;Salad;2;ERROR;10.0;;;2023-06-29
TXN_3808895;Salad;2;5.0;10.0;Cash;In-store;2023-07-13
TXN_9843811;Juice;2;3.0;6.0;Credit Card;;2023-03-01
TXN_6405258;Tea;2;1.5;3.0;Credit Card;Takeaway;2023-08-10
TXN_1224087;Coffee;5;2.0;10.0;Digital Wallet;Takeaway;2023-03-20
TXN_7727118;Smoothie;5;4.0;20.0;Digital Wallet;Takeaway;2023-11-04
TXN_8456072;Smoothie;1;4.0;4.0;;In-store;2023-07-11
TXN_8173006;Salad;3;5.0;15.0;;Takeaway;2023-12-21
TXN_2769769;ERROR;5;5.0;25.0;Credit Card;In-store;2023-04-01
TXN_8413949;Juice;1;3.0;3.0;Credit Card;In-store;2023-10-14
TXN_7538763;Smoothie;1;4.0;;;Takeaway;2023-11-18
TXN_6541110;Cookie;3;1.0;3.0;Cash;In-store;2023-12-30
TXN_6264390;;2;4.0;8.0;Cash;;2023-06-29
TXN_6814891;Coffee;1;2.0;2.0;Digital Wallet;Takeaway;2023-06-26
TXN_9884180;Salad;1;5.0;5.0;Cash;Takeaway;2023-05-19
TXN_6424202;Cookie;2;UNKNOWN;UNKNOWN;Credit Card;In-store;2023-11-20
TXN_6775024;Coffee;2;2.0;4.0;Cash;In-store;2023-01-30
TXN_8540553;Cake;1;3.0;3.0;;In-store;2023-07-13
TXN_6501361;Salad;5;5.0;25.0;Cash;In-store;2023-01-17
TXN_5671997;Juice;3;;9.0;;Takeaway;2023-09-03
TXN_4283360;Coffee;2;2.0;4.0;Credit Card;In-store;2023-12-19
TXN_3956393;Cookie;4;1.0;4.0;Credit Card;In-store;2023-01-14
TXN_1971103;Juice;4;3.0;12.0;;;2023-08-22
TXN_9576057;Tea;5;1.5;7.5;Digital Wallet;Takeaway;2023-03-03
TXN_1435035;Smoothie;1;4.0;4.0;;In-store;2023-12-31
TXN_8111101;Sandwich;5;4.0;20.0;Cash;;2023-01-12
TXN_8323012;Tea;3;1.5;4.5;Credit Card;;2023-12-17
TXN_9415451;Cake;3;3.0;9.0;;Takeaway;2023-01-04
TXN_7072883;Smoothie;1;4.0;4.0;Credit Card;;2023-10-05
TXN_7455637;Juice;3;3.0;9.0;;Takeaway;2023-04-23
TXN_3779292;Salad;2;5.0;10.0;Credit Card;In-store;2023-12-30
TXN_2629420;Smoothie;2;4.0;8.0;;Takeaway;2023-01-16
TXN_5848025;Tea;5;1.5;7.5;Credit Card;In-store;2023-01-19
TXN_1452253;Sandwich;2;4.0;;;;2023-05-12
TXN_4661976;Smoothie;3;4.0;12.0;Digital Wallet;;2023-10-13
TXN_4818703;Cookie;2;1.0;2.0;Digital Wallet;Takeaway;2023-04-20
TXN_9849760;Cake;2;3.0;6.0;;Takeaway;2023-09-01
TXN_6387334;Smoothie;5;4.0;ERROR;Digital Wallet;In-store;2023-02-19
TXN_6431384;Juice;4;3.0;12.0;Digital Wallet;In-store;2023-08-06
TXN_2445017;Tea;5;1.5;7.5;;Takeaway;2023-07-23
TXN_9202190;Sandwich;;4.0;20.0;;In-store;2023-08-25
TXN_4695464;Cookie;4;1.0;4.0;;Takeaway;UNKNOWN
TXN_1486576;Sandwich;4;4.0;16.0;;Takeaway;2023-09-10
TXN_5530717;Juice;1;3.0;3.0;Credit Card;In-store;2023-03-10
TXN_7490314;Cookie;2;1.0;2.0;;In-store;2023-05-14
TXN_1811734;Coffee;4;2.0;8.0;;;2023-07-16
TXN_3100053;Cake;3;3.0;9.0;Cash;In-store;2023-12-19
TXN_5812394;Salad;5;5.0;25.0;Cash;;2023-10-17
TXN_6315475;Coffee;2;2.0;4.0;;;2023-09-23
TXN_5477578;Smoothie;;4.0;4.0;Digital Wallet;Takeaway;2023-03-12
TXN_5373441;Salad;1;5.0;ERROR;;In-store;2023-06-02
TXN_1094145;Cookie;3;1.0;3.0;Credit Card;;2023-03-15
TXN_8680875;ERROR;2;1.5;UNKNOWN;Cash;Takeaway;2023-07-21
TXN_6504180;Smoothie;1;4.0;4.0;Digital Wallet;In-store;2023-08-31
TXN_6378045;Sandwich;5;4.0;20.0;Digital Wallet;In-store;2023-05-07
TXN_4502704;Tea;4;1.5;6.0;UNKNOWN;In-store;2023-04-04
TXN_6992967;Smoothie;5;4.0;20.0;Cash;;2023-08-29
TXN_6266147;Juice;3;3.0;9.0;Credit Card;In-store;2023-01-31
TXN_7499330;Cookie;1;1.0;UNKNOWN;Credit Card;In-store;2023-10-28
TXN_8815623;Coffee;2;2.0;4.0;Digital Wallet;In-store;2023-02-03
TXN_7632478;Juice;2;3.0;6.0;Digital Wallet;;2023-04-11
TXN_5431854;Cookie;3;1.0;3.0;;In-store;2023-01-18
TXN_3518789;Coffee;2;2.0;4.0;Digital Wallet;Takeaway;2023-12-01
TXN_6162668;ERROR;4;5.0;20.0;Digital Wallet;;2023-03-30
TXN_4767006;Cake;1;3.0;3.0;Cash;Takeaway;2023-08-23
TXN_2880409;Tea;4;1.5;6.0;Cash;;2023-09-11
TXN_4277671;Tea;5;1.5;7.5;;Takeaway;2023-08-21
TXN_8810601;Juice;2;3.0;6.0;Digital Wallet;;2023-08-18
TXN_6572164;Cookie;4;1.0;4.0;Credit Card;Takeaway;2023-01-15
TXN_6281959;;4;1.5;6.0;UNKNOWN;In-store;2023-03-16
TXN_6714068;Coffee;1;UNKNOWN;2.0;;;2023-02-17
TXN_2470532;ERROR;1;2.0;2.0;Digital Wallet;In-store;2023-01-21
TXN_6920323;Sandwich;1;4.0;4.0;Credit Card;;2023-06-10
TXN_6519486;Cake;5;3.0;15.0;;;2023-02-05
TXN_7524971;Tea;4;1.5;6.0;Digital Wallet;Takeaway;2023-09-05
TXN_4650447;Tea;1;1.5;1.5;Cash;UNKNOWN;2023-08-18
TXN_3928174;Coffee;3;2.0;6.0;;;2023-09-11
TXN_1475403;Cookie;1;1.0;;Cash;In-store;
TXN_1700027;Smoothie;4;4.0;16.0;Digital Wallet;In-store;2023-06-04
TXN_2026084;ERROR;2;2.0;4.0;Cash;In-store;2023-10-20
TXN_5942938;;3;3.0;9.0;Credit Card;;2023-05-24
TXN_8813764;Cookie;UNKNOWN;1.0;1.0;Credit Card;In-store;2023-05-08
TXN_5202349;Cookie;4;1.0;4.0;;In-store;2023-11-27
TXN_2409052;Sandwich;1;4.0;4.0;Credit Card;In-store;2023-07-08
TXN_8528546;Cake;3;3.0;9.0;Cash;;2023-12-09
TXN_4849860;Tea;4;1.5;6.0;Credit Card;In-store;2023-12-01
TXN_1840897;UNKNOWN;1;UNKNOWN;5.0;ERROR;;2023-06-03
TXN_7689696;ERROR;5;4.0;20.0;Digital Wallet;Takeaway;2023-07-03
TXN_6905794;Salad;1;5.0;;Cash;Takeaway;2023-05-31
TXN_4469769;Salad;5;5.0;25.0;;UNKNOWN;2023-08-15
TXN_9452261;Cake;5;3.0;15.0;;;2023-11-29
TXN_7347515;Smoothie;3;4.0;12.0;ERROR;Takeaway;2023-04-25
TXN_1940330;Tea;4;1.5;6.0;;In-store;2023-01-12
TXN_1576355;Coffee;4;2.0;8.0;;;2023-10-20
TXN_8615635;UNKNOWN;ERROR;1.0;4.0;;In-store;2023-01-12
TXN_9511794;Cookie;1;1.0;1.0;Cash;Takeaway;2023-06-10
TXN_9024781;Smoothie;4;4.0;16.0;Cash;In-store;2023-09-12
TXN_7771526;Juice;1;3.0;3.0;Cash;In-store;2023-04-28
TXN_7070302;Salad;3;5.0;15.0;;In-store;2023-04-30
TXN_6511228;Salad;4;5.0;20.0;Credit Card;UNKNOWN;2023-11-01
TXN_5320512;Tea;5;1.5;7.5;;In-store;2023-04-25
TXN_2972777;Juice;4;ERROR;12.0;Credit Card;;2023-04-08
TXN_8591813;Coffee;3;2.0;6.0;Cash;Takeaway;2023-10-31
TXN_4095768;Salad;5;5.0;25.0;Digital Wallet;In-store;2023-06-18
TXN_9107508;Coffee;1;2.0;2.0;;;2023-06-06
TXN_2791987;Smoothie;UNKNOWN;4.0;4.0;Credit Card;UNKNOWN;2023-06-23
TXN_6045577;ERROR;3;2.0;6.0;Credit Card;;2023-07-06
TXN_5534944;Tea;5;1.5;7.5;Credit Card;Takeaway;2023-01-26
TXN_7887682;UNKNOWN;2;2.0;4.0;Credit Card;Takeaway;2023-06-17
TXN_5037517;UNKNOWN;5;4.0;20.0;ERROR;In-store;2023-06-01
TXN_6805091;ERROR;2;4.0;8.0;Cash;ERROR;2023-12-28
TXN_5839300;Cake;1;3.0;3.0;Credit Card;UNKNOWN;2023-07-01
TXN_7801115;Tea;1;1.5;1.5;Cash;;2023-12-18
TXN_4753853;;5;3.0;15.0;Credit Card;Takeaway;2023-05-07
TXN_7145259;Juice;2;3.0;6.0;Digital Wallet;In-store;2023-11-11
TXN_2817018;Sandwich;3;4.0;12.0;Credit Card;Takeaway;2023-04-25
TXN_6762490;Juice;5;3.0;15.0;Cash;ERROR;2023-05-03
TXN_9705872;Cookie;3;ERROR;3.0;;In-store;
TXN_6012446;Smoothie;4;4.0;16.0;Cash;Takeaway;2023-07-20
TXN_8936086;Sandwich;4;4.0;16.0;;In-store;2023-11-27
TXN_4135134;Cookie;5;1.0;5.0;Credit Card;Takeaway;2023-08-11
TXN_7808032;Cookie;4;ERROR;4.0;;Takeaway;2023-12-19
TXN_2212234;Juice;2;3.0;6.0;Cash;In-store;2023-12-22
TXN_8611918;ERROR;3;5.0;15.0;Cash;Takeaway;2023-06-27
TXN_5115009;Cake;4;3.0;12.0;;Takeaway;2023-02-21
TXN_9827492;Tea;3;1.5;4.5;;;2023-07-13
TXN_6344003;Cake;1;3.0;3.0;;;2023-12-22
TXN_1993155;Juice;1;3.0;3.0;;;2023-05-23
TXN_4566012;Cookie;5;1.0;5.0;Credit Card;Takeaway;2023-05-10
TXN_1030539;Cake;3;3.0;9.0;;Takeaway;2023-11-06
TXN_3830605;Coffee;ERROR;2.0;2.0;;Takeaway;2023-12-07
TXN_5052515;Tea;;1.5;1.5;Cash;In-store;2023-09-19
TXN_5125382;Coffee;1;2.0;2.0;Digital Wallet;In-store;2023-12-26
TXN_5015183;Cake;2;3.0;6.0;ERROR;In-store;2023-08-29
TXN_1661068;Salad;3;5.0;15.0;Cash;Takeaway;2023-04-09
TXN_9549381;Juice;1;3.0;3.0;Digital Wallet;In-store;2023-11-23
TXN_7812084;Sandwich;4;4.0;16.0;Cash;In-store;2023-01-17
TXN_1694364;Sandwich;3;4.0;12.0;;Takeaway;2023-06-10
TXN_4191925;Coffee;2;2.0;4.0;;UNKNOWN;2023-10-21
TXN_2258091;Juice;2;3.0;6.0;;In-store;2023-10-11
TXN_6482262;Juice;3;3.0;9.0;Credit Card;;2023-05-13
TXN_1951166;Tea;2;1.5;;Credit Card;ERROR;2023-08-28
TXN_4552615;Cake;2;3.0;6.0;Cash;Takeaway;2023-04-09
TXN_6745856;Cake;4;3.0;12.0;Cash;In-store;2023-06-16
TXN_4898949;Salad;1;5.0;5.0;;In-store;2023-09-18
TXN_7027560;ERROR;5;1.5;7.5;;In-store;2023-10-05
TXN_9646000;ERROR;2;ERROR;UNKNOWN;;In-store;2023-12-14
TXN_2338426;Coffee;2;2.0;4.0;;;2023-05-07
TXN_3369191;Cookie;5;1.0;5.0;Cash;Takeaway;2023-02-07
TXN_5551020;Sandwich;2;4.0;ERROR;Credit Card;;2023-01-31
TXN_9269683;Sandwich;5;4.0;20.0;Digital Wallet;;2023-09-26
TXN_9287350;Smoothie;2;4.0;8.0;;In-store;2023-01-28
TXN_6541809;Tea;3;1.5;4.5;;;2023-05-01
TXN_4398750;Sandwich;2;4.0;8.0;Cash;In-store;2023-05-28
TXN_7493097;Cake;;3.0;15.0;Credit Card;UNKNOWN;2023-11-04
TXN_9850541;Cookie;4;1.0;4.0;Cash;Takeaway;2023-09-02
TXN_4262142;Cake;2;3.0;6.0;Cash;Takeaway;2023-01-02
TXN_7153313;Tea;1;1.5;1.5;Cash;;2023-12-29
TXN_8581124;Salad;2;5.0;10.0;Credit Card;;2023-05-08
TXN_3589218;Salad;2;5.0;10.0;Credit Card;In-store;2023-06-21
TXN_7303515;Salad;4;5.0;20.0;Cash;In-store;2023-05-29
TXN_2586183;Cookie;2;1.0;2.0;Cash;;2023-09-04
TXN_2436779;Cake;1;3.0;3.0;Credit Card;Takeaway;2023-05-24
TXN_4001763;Juice;3;3.0;9.0;;Takeaway;2023-05-11
TXN_9317529;Juice;4;;12.0;Credit Card;;2023-07-10
TXN_6974587;Salad;3;5.0;15.0;Cash;ERROR;2023-06-16
TXN_4379467;Tea;UNKNOWN;1.5;1.5;;;2023-06-16
TXN_2719734;Cake;5;3.0;15.0;Digital Wallet;In-store;2023-05-22
TXN_2887332;Sandwich;5;4.0;20.0;;;2023-11-16
TXN_8566668;Sandwich;5;4.0;20.0;Digital Wallet;In-store;2023-02-12
TXN_8284384;Juice;2;3.0;6.0;Digital Wallet;Takeaway;2023-06-05
TXN_2139240;Sandwich;4;4.0;16.0;Digital Wallet;;2023-04-06
TXN_5454841;Cookie;5;1.0;5.0;;Takeaway;2023-06-04
TXN_8104431;Tea;5;1.5;7.5;;In-store;2023-03-07
TXN_5141000;Smoothie;4;4.0;16.0;;Takeaway;2023-06-16
TXN_2508499;Tea;3;1.5;4.5;Credit Card;In-store;2023-02-22
TXN_4571510;Smoothie;3;4.0;12.0;Cash;Takeaway;2023-11-19
TXN_4742476;Coffee;2;2.0;4.0;Cash;In-store;2023-10-27
TXN_8510436;Cake;1;3.0;3.0;Digital Wallet;In-store;2023-07-19
TXN_7509630;Cookie;3;1.0;3.0;Cash;In-store;2023-04-20
TXN_5276301;Cake;3;3.0;9.0;Cash;UNKNOWN;2023-03-13
TXN_4977130;Sandwich;1;4.0;4.0;Digital Wallet;In-store;2023-07-08
TXN_4293196;Cookie;;1.0;3.0;;In-store;2023-06-17
TXN_9284099;Cake;2;3.0;6.0;Digital Wallet;In-store;2023-07-20
TXN_1900411;Salad;3;5.0;15.0;;;2023-09-24
TXN_7454416;Tea;1;1.5;1.5;Credit Card;Takeaway;2023-12-07
TXN_4178899;Coffee;2;2.0;4.0;;Takeaway;2023-04-05
TXN_9027002;Smoothie;4;UNKNOWN;16.0;Credit Card;Takeaway;2023-12-31
TXN_6587399;Smoothie;1;4.0;4.0;;Takeaway;2023-08-08
TXN_7179013;Juice;5;3.0;15.0;Credit Card;In-store;2023-05-06
TXN_7694559;Cookie;3;1.0;3.0;Cash;Takeaway;2023-05-05
TXN_4391496;Sandwich;1;4.0;4.0;Cash;;2023-02-20
TXN_5668193;Coffee;5;2.0;10.0;Cash;Takeaway;2023-08-14
TXN_1448501;Cake;4;3.0;12.0;Credit Card;Takeaway;2023-09-10
TXN_7139869;Tea;1;1.5;1.5;Cash;In-store;2023-06-22
TXN_6419668;Sandwich;3;4.0;12.0;Credit Card;In-store;2023-04-29
TXN_8810001;Smoothie;5;4.0;20.0;Digital Wallet;Takeaway;2023-12-23
TXN_5647773;Salad;2;5.0;10.0;;In-store;2023-07-20
TXN_4439120;Cookie;2;1.0;2.0;Credit Card;In-store;2023-03-31
TXN_4613510;Cake;5;3.0;15.0;Credit Card;Takeaway;2023-02-16
TXN_7937275;Cake;4;3.0;12.0;Credit Card;ERROR;2023-09-18
TXN_7565052;Smoothie;5;4.0;20.0;;In-store;2023-06-18
TXN_2044375;Salad;1;5.0;5.0;Cash;Takeaway;2023-01-05
TXN_1772692;Smoothie;3;4.0;12.0;Cash;;2023-09-05
TXN_6399545;Sandwich;4;4.0;16.0;Credit Card;Takeaway;2023-03-22
TXN_2980279;;1;3.0;3.0;Digital Wallet;Takeaway;2023-04-23
TXN_6286062;Coffee;1;2.0;2.0;Credit Card;;UNKNOWN
TXN_4049031;Coffee;5;2.0;10.0;Digital Wallet;;2023-08-22
TXN_1328968;Tea;1;ERROR;1.5;;In-store;2023-06-28
TXN_8549381;ERROR;5;4.0;20.0;Digital Wallet;;2023-02-06
TXN_2080228;Juice;1;3.0;3.0;;In-store;2023-06-21
TXN_7416880;Cake;1;3.0;3.0;Credit Card;In-store;2023-07-20
TXN_1360379;Tea;1;1.5;1.5;Credit Card;UNKNOWN;2023-08-23
TXN_9617454;Smoothie;1;4.0;4.0;Digital Wallet;Takeaway;2023-08-22
TXN_6421446;Cake;2;3.0;6.0;Cash;Takeaway;2023-09-17
TXN_6272674;Coffee;3;2.0;6.0;Cash;;2023-09-12
TXN_6805882;Cookie;4;1.0;4.0;Cash;In-store;2023-09-04
TXN_1475459;Tea;4;1.5;6.0;;Takeaway;2023-11-09
TXN_2825812;Cake;3;;9.0;Cash;Takeaway;2023-06-26
TXN_5380198;Cake;3;3.0;9.0;UNKNOWN;;UNKNOWN
TXN_5398922;Salad;1;5.0;5.0;Cash;In-store;2023-01-10
TXN_3458602;Cake;2;3.0;6.0;Cash;In-store;2023-11-18
TXN_6571440;Smoothie;2;4.0;8.0;;Takeaway;2023-01-18
TXN_1368769;Cookie;3;1.0;3.0;Credit Card;Takeaway;2023-06-02
TXN_4343848;Cookie;5;1.0;5.0;Credit Card;Takeaway;2023-07-16
TXN_7656355;Sandwich;3;4.0;12.0;Credit Card;Takeaway;2023-09-11
TXN_4434005;Cookie;1;1.0;1.0;Digital Wallet;In-store;2023-03-20
TXN_7975760;;3;3.0;9.0;Digital Wallet;In-store;2023-12-02
TXN_9177867;Tea;3;1.5;4.5;Digital Wallet;;2023-09-14
TXN_8158986;Cookie;5;1.0;5.0;;In-store;2023-12-10
TXN_9882625;Sandwich;1;4.0;4.0;Cash;In-store;2023-03-26
TXN_8937461;Cookie;5;1.0;5.0;Digital Wallet;;2023-12-22
TXN_2485272;Tea;4;1.5;6.0;Digital Wallet;Takeaway;2023-06-30
TXN_4085337;Smoothie;3;4.0;12.0;;In-store;2023-10-25
TXN_6838802;Coffee;1;2.0;2.0;;Takeaway;2023-08-29
TXN_2114182;Cookie;3;1.0;3.0;Digital Wallet;UNKNOWN;2023-07-28
TXN_8417552;Coffee;1;2.0;2.0;ERROR;Takeaway;2023-12-09
TXN_4126189;Tea;;1.5;1.5;Credit Card;;2023-09-30
TXN_1892454;Juice;1;3.0;3.0;UNKNOWN;;2023-07-19
TXN_9592941;Tea;5;1.5;7.5;Digital Wallet;In-store;2023-04-08
TXN_1063342;Sandwich;5;4.0;20.0;;In-store;2023-01-13
TXN_4407203;UNKNOWN;4;1.0;4.0;Cash;Takeaway;2023-08-21
TXN_7153885;Salad;1;5.0;5.0;Credit Card;;2023-05-22
TXN_1917388;ERROR;2;3.0;6.0;Digital Wallet;;2023-04-15
TXN_5279972;Smoothie;4;4.0;16.0;Credit Card;Takeaway;2023-01-07
TXN_6953244;Smoothie;5;4.0;20.0;Cash;;2023-09-13
TXN_5347792;Salad;3;5.0;15.0;Digital Wallet;;2023-02-10
TXN_4876195;Tea;2;1.5;3.0;;In-store;ERROR
TXN_1574190;Smoothie;3;4.0;12.0;UNKNOWN;;2023-12-17
TXN_4829492;;2;3.0;6.0;Credit Card;Takeaway;2023-01-09
TXN_9550629;Smoothie;1;4.0;4.0;;In-store;2023-02-06
TXN_6470865;Coffee;ERROR;2.0;ERROR;Digital Wallet;Takeaway;2023-09-18
TXN_3986639;Salad;1;5.0;5.0;Credit Card;In-store;2023-10-09
TXN_3227673;Cookie;1;1.0;ERROR;Cash;;2023-10-13
TXN_2915287;Salad;1;5.0;5.0;Digital Wallet;Takeaway;2023-01-16
TXN_2513558;Juice;4;3.0;12.0;;;2023-10-11
TXN_7460497;Cake;5;3.0;15.0;Cash;;2023-11-13
TXN_1607471;Sandwich;2;4.0;8.0;Credit Card;Takeaway;2023-01-03
TXN_1244739;Salad;2;5.0;10.0;Credit Card;Takeaway;2023-09-13
TXN_7878672;Coffee;1;UNKNOWN;2.0;Cash;In-store;2023-10-25
TXN_6807913;Juice;3;3.0;9.0;Credit Card;Takeaway;2023-01-22
TXN_6438869;Juice;5;3.0;15.0;Credit Card;Takeaway;2023-10-30
TXN_1047204;Cookie;3;1.0;3.0;Digital Wallet;UNKNOWN;2023-04-13
TXN_6017458;;5;5.0;25.0;Credit Card;;2023-04-23
TXN_4311086;Cake;4;3.0;12.0;ERROR;In-store;2023-10-10
TXN_1075446;Cookie;4;1.0;4.0;Credit Card;;2023-07-17
TXN_8958723;Sandwich;4;4.0;16.0;Digital Wallet;;2023-11-12
TXN_2206740;Coffee;3;2.0;6.0;;Takeaway;2023-06-07
TXN_2337113;Coffee;1;2.0;2.0;Digital Wallet;Takeaway;2023-11-19
TXN_2417721;Coffee;4;2.0;8.0;Credit Card;Takeaway;2023-10-20
TXN_5808539;Sandwich;1;4.0;ERROR;;Takeaway;2023-06-30
TXN_6574910;Cookie;1;1.0;1.0;Digital Wallet;;2023-09-13
TXN_5342900;Cake;5;3.0;15.0;Cash;;2023-07-12
TXN_8949453;;5;4.0;20.0;;Takeaway;2023-11-13
TXN_2853459;Tea;4;1.5;6.0;Cash;;2023-08-14
TXN_3379182;Juice;4;3.0;12.0;Cash;;2023-06-03
TXN_9629448;Tea;2;1.5;3.0;;In-store;2023-02-22
TXN_8233101;Salad;2;5.0;10.0;Cash;In-store;2023-02-12
TXN_1247244;Sandwich;1;4.0;4.0;Digital Wallet;In-store;2023-12-27
TXN_4292280;Cake;4;3.0;12.0;Cash;Takeaway;2023-01-01
TXN_3670476;Tea;3;1.5;4.5;Cash;Takeaway;2023-03-25
TXN_4506936;Cookie;1;1.0;1.0;Credit Card;Takeaway;2023-03-20
TXN_4009914;Sandwich;2;4.0;8.0;;In-store;ERROR
TXN_2827994;Cake;5;3.0;15.0;Digital Wallet;In-store;2023-12-04
TXN_5342051;Sandwich;3;4.0;12.0;Cash;;2023-04-21
TXN_7924635;Smoothie;5;4.0;20.0;Digital Wallet;Takeaway;2023-02-21
TXN_5958999;Tea;2;1.5;3.0;;;2023-04-13
TXN_9098841;Cake;1;3.0;3.0;Credit Card;;2023-08-07
TXN_9723314;Coffee;4;2.0;8.0;Cash;In-store;2023-10-10
TXN_2311186;Smoothie;3;4.0;12.0;Digital Wallet;ERROR;2023-07-16
TXN_8061460;Sandwich;3;4.0;12.0;Credit Card;Takeaway;UNKNOWN
TXN_4659573;Cake;UNKNOWN;3.0;15.0;;;2023-05-15
TXN_3920436;Juice;2;3.0;6.0;Digital Wallet;In-store;2023-11-19
TXN_5514988;Cookie;5;1.0;5.0;Credit Card;ERROR;UNKNOWN
TXN_7825638;UNKNOWN;4;3.0;12.0;ERROR;;2023-12-09
TXN_8710758;Sandwich;3;4.0;12.0;Credit Card;In-store;2023-01-12
TXN_4873180;Tea;5;1.5;7.5;Digital Wallet;In-store;2023-01-17
TXN_9643918;;3;1.0;3.0;Credit Card;In-store;2023-07-21
TXN_9997620;Cookie;2;1.0;2.0;Cash;;2023-12-11
TXN_2830671;Sandwich;1;4.0;4.0;Cash;Takeaway;2023-11-08
TXN_7876619;UNKNOWN;2;3.0;6.0;Cash;In-store;2023-09-27
TXN_5898238;UNKNOWN;UNKNOWN;2.0;10.0;Credit Card;UNKNOWN;2023-06-29
TXN_5337074;Cookie;3;1.0;3.0;Credit Card;In-store;2023-01-12
TXN_9774186;Tea;3;1.5;4.5;;;2023-07-03
TXN_8619494;Coffee;2;2.0;4.0;Digital Wallet;In-store;ERROR
TXN_7268802;Salad;2;5.0;ERROR;Digital Wallet;Takeaway;2023-04-10
TXN_3894735;Juice;5;3.0;15.0;ERROR;;2023-03-10
TXN_1842981;Tea;5;1.5;ERROR;Credit Card;;2023-04-12
TXN_1720238;Salad;5;5.0;25.0;ERROR;Takeaway;2023-05-08
TXN_8520687;Salad;5;5.0;25.0;;Takeaway;2023-04-21
TXN_5793417;Sandwich;2;4.0;8.0;Digital Wallet;In-store;2023-12-29
TXN_2927909;Cake;4;3.0;12.0;Credit Card;;2023-10-04
TXN_3412484;Cake;4;3.0;12.0;;Takeaway;2023-09-06
TXN_3754190;UNKNOWN;3;3.0;9.0;Digital Wallet;In-store;UNKNOWN
TXN_4048203;Smoothie;2;4.0;8.0;;Takeaway;2023-12-13
TXN_9181224;Sandwich;5;4.0;20.0;Cash;;UNKNOWN
TXN_6841304;Cake;1;3.0;3.0;;;2023-03-13
TXN_2156454;Cookie;5;1.0;5.0;;In-store;2023-08-17
TXN_2001807;UNKNOWN;5;4.0;20.0;UNKNOWN;In-store;2023-08-10
TXN_4781960;Juice;1;3.0;3.0;Digital Wallet;;2023-03-28
TXN_4381404;Salad;ERROR;5.0;25.0;;;2023-08-15
TXN_8406851;UNKNOWN;2;3.0;6.0;;In-store;2023-09-09
TXN_3982257;Coffee;2;2.0;4.0;Digital Wallet;;2023-07-23
TXN_1463795;Coffee;5;2.0;10.0;Credit Card;;2023-08-04
TXN_7454894;Tea;;1.5;1.5;Cash;Takeaway;2023-07-25
TXN_5930304;Sandwich;2;4.0;8.0;Digital Wallet;;2023-11-02
TXN_4249989;Coffee;4;2.0;8.0;Digital Wallet;;2023-01-22
TXN_2957017;Sandwich;;4.0;20.0;Cash;In-store;2023-06-13
TXN_2733833;Cake;;3.0;12.0;;In-store;2023-09-09
TXN_6585794;Smoothie;5;4.0;20.0;Credit Card;In-store;2023-02-15
TXN_5721846;Cookie;3;1.0;3.0;Cash;Takeaway;2023-04-14
TXN_6487493;Salad;3;5.0;15.0;Cash;In-store;2023-03-13
TXN_4476636;Coffee;3;UNKNOWN;6.0;Credit Card;In-store;UNKNOWN
TXN_1197495;Juice;5;3.0;15.0;UNKNOWN;Takeaway;ERROR
TXN_9395087;Tea;1;1.5;1.5;Cash;In-store;2023-06-12
TXN_4477559;Juice;5;3.0;15.0;Credit Card;;2023-10-02
TXN_5542033;Sandwich;3;4.0;12.0;Digital Wallet;UNKNOWN;2023-06-26
TXN_8850984;Sandwich;3;;12.0;Cash;Takeaway;2023-05-27
TXN_1710823;Salad;2;5.0;10.0;Credit Card;;2023-01-27
TXN_6575440;Tea;1;1.5;1.5;Cash;;2023-02-05
TXN_5225537;Tea;5;1.5;7.5;Digital Wallet;;2023-11-04
TXN_1583315;Cookie;3;1.0;3.0;;Takeaway;2023-10-17
TXN_8130122;Sandwich;2;4.0;8.0;;In-store;2023-10-23
TXN_3587444;Juice;2;3.0;6.0;Credit Card;;2023-02-03
TXN_7053280;UNKNOWN;;2.0;10.0;;In-store;2023-05-28
TXN_9407000;Sandwich;4;4.0;16.0;;Takeaway;2023-10-03
TXN_3017917;Cookie;3;UNKNOWN;3.0;Credit Card;Takeaway;2023-08-31
TXN_8090925;ERROR;3;1.0;3.0;Digital Wallet;In-store;2023-07-11
TXN_7738013;Salad;5;5.0;25.0;Credit Card;Takeaway;2023-11-28
TXN_8542781;Cake;2;3.0;6.0;;UNKNOWN;2023-05-18
TXN_6617283;Tea;4;1.5;6.0;Digital Wallet;;2023-06-09
TXN_1461221;Salad;2;5.0;10.0;Cash;In-store;2023-04-30
TXN_2056358;Coffee;3;2.0;6.0;Cash;In-store;2023-09-17
TXN_1858674;Smoothie;2;4.0;8.0;;In-store;2023-04-09
TXN_2251009;Cookie;5;1.0;5.0;;;2023-04-02
TXN_5616473;Sandwich;4;4.0;16.0;Cash;ERROR;2023-07-28
TXN_7022398;Sandwich;4;4.0;16.0;;;2023-12-23
TXN_2615514;Cookie;5;;5.0;Digital Wallet;UNKNOWN;
TXN_7379939;;1;1.0;1.0;Cash;UNKNOWN;2023-04-21
TXN_7331525;Cake;2;3.0;6.0;;;ERROR
TXN_1004184;Smoothie;1;4.0;4.0;Credit Card;In-store;2023-05-18
TXN_4141868;Tea;3;1.5;4.5;Credit Card;;2023-02-08
TXN_9871971;Smoothie;3;4.0;12.0;;Takeaway;2023-10-06
TXN_4168771;Coffee;5;2.0;10.0;Digital Wallet;;2023-08-02
TXN_6328925;Salad;4;5.0;20.0;Credit Card;;2023-09-05
TXN_1226662;Salad;1;5.0;5.0;;In-store;2023-06-17
TXN_7562171;Tea;1;1.5;1.5;;In-store;2023-09-02
TXN_6843677;;ERROR;2.0;8.0;;Takeaway;2023-09-09
TXN_2980632;Cookie;3;1.0;3.0;Credit Card;Takeaway;2023-01-14
TXN_2609762;Coffee;5;2.0;10.0;;Takeaway;2023-07-26
TXN_7253734;Sandwich;UNKNOWN;4.0;20.0;Digital Wallet;;2023-09-28
TXN_6679600;Coffee;1;2.0;2.0;Digital Wallet;;2023-03-15
TXN_8722854;Juice;1;3.0;3.0;Credit Card;Takeaway;UNKNOWN
TXN_8279992;Juice;5;3.0;15.0;ERROR;;2023-07-03
TXN_5722123;Cake;4;3.0;12.0;Digital Wallet;Takeaway;2023-11-23
TXN_3446174;Cake;5;3.0;15.0;Cash;;2023-10-31
TXN_3518261;Sandwich;2;4.0;8.0;Digital Wallet;;2023-08-05
TXN_5927925;Juice;4;3.0;12.0;Digital Wallet;In-store;2023-11-02
TXN_5101593;Cake;5;3.0;15.0;Credit Card;Takeaway;2023-01-25
TXN_1578981;Cake;1;3.0;3.0;Cash;In-store;2023-05-15
TXN_7876388;Cookie;4;1.0;4.0;Cash;In-store;2023-10-05
TXN_5939363;Tea;5;1.5;7.5;Credit Card;In-store;2023-02-14
TXN_1636908;Cake;4;3.0;12.0;Digital Wallet;;2023-10-17
TXN_5221688;Coffee;2;2.0;4.0;Cash;;2023-07-03
TXN_1196923;Smoothie;2;4.0;8.0;ERROR;;2023-04-27
TXN_8944698;Coffee;3;2.0;6.0;Credit Card;;2023-09-15
TXN_8167275;Salad;5;5.0;25.0;;;UNKNOWN
TXN_2167159;Cake;;3.0;6.0;Cash;UNKNOWN;2023-04-06
TXN_7811387;Cookie;5;1.0;5.0;Credit Card;Takeaway;2023-11-30
TXN_1884923;Coffee;4;2.0;8.0;Digital Wallet;Takeaway;2023-05-11
TXN_8215595;Tea;2;1.5;3.0;Cash;;2023-11-23
TXN_7618171;Cake;5;3.0;15.0;Cash;;
TXN_9857674;Tea;5;1.5;7.5;;Takeaway;2023-06-12
TXN_7389626;Tea;2;1.5;3.0;;UNKNOWN;ERROR
TXN_6035512;Cake;5;3.0;15.0;Cash;Takeaway;2023-02-19
TXN_1398769;Smoothie;1;4.0;4.0;Cash;In-store;2023-06-02
TXN_6874354;Sandwich;4;4.0;16.0;Credit Card;;2023-03-23
TXN_9690711;Cookie;2;1.0;2.0;Credit Card;In-store;2023-09-13
TXN_5620636;Tea;4;UNKNOWN;6.0;;In-store;2023-06-12
TXN_7234224;Cake;3;3.0;9.0;;;2023-10-31
TXN_3844347;Sandwich;4;ERROR;16.0;Cash;;2023-10-04
TXN_4507533;Cake;1;3.0;3.0;Digital Wallet;;2023-08-31
TXN_7636238;Sandwich;4;4.0;16.0;Credit Card;;2023-03-27
TXN_8913153;Smoothie;2;4.0;8.0;Credit Card;;2023-09-02
TXN_7595206;Sandwich;5;4.0;20.0;Credit Card;In-store;2023-12-02
TXN_8424592;Smoothie;4;4.0;16.0;Credit Card;Takeaway;2023-11-09
TXN_1769882;ERROR;3;3.0;UNKNOWN;;Takeaway;2023-03-17
TXN_2000406;Cake;2;3.0;6.0;Credit Card;UNKNOWN;2023-06-06
TXN_3105786;Smoothie;3;4.0;12.0;;In-store;2023-10-04
TXN_7820220;Cake;3;3.0;9.0;Credit Card;In-store;2023-03-16
TXN_5880883;Sandwich;5;4.0;20.0;Digital Wallet;In-store;2023-02-02
TXN_4447856;Smoothie;2;4.0;8.0;Cash;Takeaway;2023-09-11
TXN_6613909;Cake;4;3.0;12.0;Credit Card;In-store;2023-06-30
TXN_5331924;Sandwich;2;4.0;8.0;Cash;Takeaway;2023-06-30
TXN_9090433;Cookie;2;1.0;;Cash;ERROR;2023-07-12
TXN_9393467;ERROR;5;3.0;15.0;Cash;UNKNOWN;2023-09-25
TXN_9811033;Cookie;3;1.0;UNKNOWN;Cash;Takeaway;2023-11-30
TXN_5452419;Coffee;4;UNKNOWN;8.0;Cash;In-store;2023-01-25
TXN_5384343;Juice;1;3.0;3.0;Credit Card;;2023-03-29
TXN_6580743;Coffee;1;2.0;2.0;Digital Wallet;Takeaway;2023-12-18
TXN_8361821;Tea;5;1.5;7.5;Cash;In-store;2023-06-30
TXN_2103626;Juice;3;3.0;9.0;Cash;In-store;2023-04-23
TXN_1891141;Juice;4;3.0;12.0;Digital Wallet;In-store;2023-10-25
TXN_1252575;Tea;1;1.5;1.5;Digital Wallet;Takeaway;2023-10-16
TXN_5354721;;5;3.0;15.0;UNKNOWN;Takeaway;2023-09-07
TXN_6723498;Salad;3;5.0;15.0;;Takeaway;2023-01-28
TXN_1852224;Tea;4;ERROR;6.0;Cash;Takeaway;2023-01-06
TXN_5247378;Sandwich;2;4.0;8.0;Digital Wallet;Takeaway;2023-06-16
TXN_8786479;Coffee;4;2.0;8.0;;;2023-05-29
TXN_5108439;Salad;2;5.0;10.0;;In-store;2023-05-06
TXN_4993989;Smoothie;2;4.0;8.0;;;2023-11-15
TXN_8004510;Cake;ERROR;3.0;9.0;Cash;Takeaway;2023-12-29
TXN_8541473;Coffee;3;2.0;6.0;ERROR;ERROR;2023-08-02
TXN_8917822;Cake;2;3.0;6.0;Digital Wallet;;2023-12-12
TXN_8108731;Juice;5;3.0;15.0;;;2023-08-13
TXN_4570750;UNKNOWN;1;2.0;;Cash;Takeaway;2023-05-18
TXN_1190151;Juice;5;3.0;15.0;Digital Wallet;;2023-08-14
TXN_8304002;Juice;1;3.0;3.0;Credit Card;Takeaway;2023-05-02
TXN_4341764;Coffee;2;2.0;4.0;Cash;;2023-12-02
TXN_1751183;;5;4.0;20.0;Credit Card;;2023-12-25
TXN_2112333;Cookie;2;1.0;2.0;Credit Card;In-store;UNKNOWN
TXN_1046384;Smoothie;1;4.0;4.0;Cash;UNKNOWN;2023-06-09
TXN_1736630;ERROR;5;1.5;7.5;Credit Card;;2023-07-16
TXN_8287437;Tea;2;1.5;3.0;;;2023-03-16
TXN_4153132;Salad;3;5.0;UNKNOWN;Digital Wallet;;2023-03-21
TXN_3243410;Tea;2;ERROR;3.0;;;2023-10-30
TXN_3061634;Coffee;1;2.0;2.0;Digital Wallet;;2023-03-17
TXN_7433308;Salad;4;5.0;20.0;Cash;Takeaway;2023-02-14
TXN_6991736;Juice;2;3.0;6.0;Digital Wallet;In-store;2023-11-07
TXN_7334272;Sandwich;2;4.0;8.0;Credit Card;Takeaway;2023-07-07
TXN_8120577;;3;3.0;9.0;Cash;In-store;2023-09-08
TXN_9072093;Cookie;1;1.0;1.0;;;2023-03-06
TXN_4705417;Salad;5;5.0;25.0;Credit Card;Takeaway;2023-12-14
TXN_8145970;Juice;5;3.0;15.0;Digital Wallet;Takeaway;2023-10-26
TXN_1910553;Smoothie;5;4.0;20.0;Cash;;2023-10-01
TXN_9115899;Cake;2;UNKNOWN;6.0;Credit Card;In-store;2023-02-23
TXN_2785563;Juice;5;3.0;15.0;Cash;Takeaway;ERROR
TXN_6020552;Sandwich;2;4.0;8.0;Cash;Takeaway;2023-01-14
TXN_7970906;Coffee;UNKNOWN;2.0;8.0;ERROR;In-store;2023-03-07
TXN_5317458;Salad;2;5.0;10.0;Credit Card;;2023-01-22
TXN_6913384;Tea;3;1.5;4.5;Credit Card;Takeaway;2023-09-18
TXN_1910487;Sandwich;3;;12.0;Digital Wallet;In-store;2023-08-14
TXN_6142549;Juice;3;3.0;9.0;Digital Wallet;ERROR;2023-03-12
TXN_7266318;Sandwich;1;4.0;ERROR;;In-store;2023-01-16
TXN_4390911;Salad;2;5.0;10.0;Digital Wallet;;2023-12-19
TXN_1445532;Coffee;3;2.0;6.0;Cash;Takeaway;2023-03-03
TXN_8841996;Sandwich;2;4.0;8.0;;;2023-12-09
TXN_9814511;ERROR;1;3.0;3.0;Credit Card;;2023-01-05
TXN_2563505;Sandwich;1;4.0;4.0;Cash;Takeaway;2023-10-27
TXN_5183674;Coffee;2;2.0;4.0;Digital Wallet;;2023-04-13
TXN_6748199;Salad;2;5.0;10.0;Cash;;2023-07-23
TXN_3463281;Cake;5;;15.0;;Takeaway;2023-10-06
TXN_5795475;Tea;3;1.5;4.5;Digital Wallet;In-store;2023-09-21
TXN_2322399;Salad;4;5.0;20.0;;Takeaway;2023-04-15
TXN_5865534;Smoothie;4;4.0;16.0;Digital Wallet;ERROR;2023-10-16
TXN_7060144;Cake;5;3.0;15.0;Credit Card;;
TXN_5159669;Tea;4;1.5;6.0;Credit Card;;2023-09-30
TXN_4268051;Cookie;1;1.0;UNKNOWN;Digital Wallet;In-store;2023-05-05
TXN_8120958;Cookie;5;;5.0;Credit Card;;2023-06-21
TXN_6126149;Tea;2;1.5;3.0;;;
TXN_5530097;Juice;2;3.0;6.0;Credit Card;Takeaway;2023-12-19
TXN_7805241;Salad;4;5.0;20.0;ERROR;;2023-04-16
TXN_2427834;Tea;4;1.5;6.0;ERROR;In-store;2023-06-15
TXN_6949949;Salad;3;5.0;15.0;;;2023-05-14
TXN_9094261;Juice;2;3.0;6.0;Digital Wallet;Takeaway;2023-05-15
TXN_5661323;Cookie;2;1.0;2.0;Credit Card;Takeaway;2023-05-06
TXN_2356583;Smoothie;4;ERROR;16.0;Digital Wallet;In-store;2023-11-30
TXN_4248711;Smoothie;1;4.0;4.0;Cash;;2023-08-01
TXN_6270766;Cookie;1;1.0;1.0;;In-store;2023-11-10
TXN_9697154;Tea;3;1.5;4.5;Credit Card;In-store;2023-10-08
TXN_6381860;Coffee;1;2.0;2.0;Digital Wallet;In-store;2023-08-21
TXN_6028331;Cake;4;3.0;12.0;Cash;;2023-10-22
TXN_8830924;Tea;2;1.5;3.0;Credit Card;;2023-10-25
TXN_3866156;Coffee;4;2.0;8.0;;Takeaway;2023-02-28
TXN_6872833;Coffee;UNKNOWN;2.0;2.0;;;2023-11-02
TXN_6405210;Coffee;4;2.0;8.0;Cash;UNKNOWN;2023-08-11
TXN_4740952;Tea;4;1.5;6.0;;Takeaway;2023-02-21
TXN_6321174;Tea;4;1.5;6.0;Digital Wallet;;2023-12-09
TXN_5613875;Tea;5;1.5;7.5;;In-store;UNKNOWN
TXN_6052901;Smoothie;5;4.0;20.0;Credit Card;Takeaway;2023-08-16
TXN_1253619;Juice;5;3.0;15.0;;;2023-05-25
TXN_5537517;Smoothie;3;4.0;12.0;Digital Wallet;Takeaway;2023-10-27
TXN_5496019;Cookie;5;1.0;5.0;Cash;In-store;2023-11-26
TXN_4579666;Smoothie;2;4.0;8.0;;;2023-10-23
TXN_6359281;Coffee;2;2.0;4.0;Credit Card;UNKNOWN;2023-09-16
TXN_3620122;Sandwich;1;4.0;4.0;Cash;In-store;2023-05-06
TXN_8367716;Tea;2;1.5;3.0;Credit Card;Takeaway;2023-02-03
TXN_6779763;Cookie;1;1.0;ERROR;Credit Card;UNKNOWN;2023-04-25
TXN_1985142;Smoothie;3;4.0;12.0;Digital Wallet;;UNKNOWN
TXN_8385321;Smoothie;2;4.0;8.0;Credit Card;Takeaway;2023-02-08
TXN_5345258;Salad;2;5.0;10.0;Credit Card;Takeaway;2023-03-13
TXN_8932759;Smoothie;3;4.0;12.0;Credit Card;Takeaway;2023-09-01
TXN_6958638;Tea;;1.5;1.5;Digital Wallet;Takeaway;2023-11-27
TXN_3898665;Sandwich;2;4.0;8.0;Cash;Takeaway;2023-03-07
TXN_4996304;Coffee;2;2.0;4.0;Credit Card;;2023-08-17
TXN_9566593;Cake;2;3.0;6.0;Digital Wallet;;2023-09-30
TXN_4808700;Cookie;4;1.0;4.0;Cash;Takeaway;2023-01-13
TXN_5776252;Tea;4;1.5;6.0;Cash;Takeaway;2023-08-11
TXN_5673476;Smoothie;4;4.0;16.0;Cash;Takeaway;2023-02-09
TXN_6363733;Tea;1;1.5;1.5;ERROR;Takeaway;2023-10-25
TXN_5297995;Tea;5;1.5;7.5;;In-store;2023-07-04
TXN_8049635;Salad;3;5.0;15.0;Cash;;2023-11-16
TXN_2881529;;1;3.0;3.0;;In-store;2023-07-04
TXN_3459927;Cookie;ERROR;1.0;5.0;Digital Wallet;In-store;2023-07-20
TXN_6478968;Salad;2;5.0;10.0;;;2023-09-12
TXN_4135861;Salad;2;5.0;10.0;Credit Card;;2023-03-16
TXN_2031545;Juice;2;3.0;6.0;Digital Wallet;In-store;2023-05-02
TXN_4676976;Smoothie;3;4.0;12.0;Digital Wallet;In-store;2023-05-26
TXN_7421018;Sandwich;4;4.0;16.0;Digital Wallet;;2023-08-26
TXN_8239121;Smoothie;UNKNOWN;4.0;4.0;;In-store;2023-05-11
TXN_1435192;Cake;2;3.0;6.0;;;2023-06-18
TXN_5364052;Sandwich;2;4.0;8.0;Credit Card;;2023-02-05
TXN_8345649;Cookie;5;1.0;5.0;Cash;;2023-08-23
TXN_8560548;Sandwich;1;4.0;4.0;Credit Card;Takeaway;2023-09-02
TXN_2345332;Tea;3;1.5;4.5;;In-store;2023-07-05
TXN_9389434;Cake;5;3.0;15.0;;In-store;2023-06-16
TXN_1240476;Juice;2;3.0;6.0;Digital Wallet;Takeaway;2023-04-20
TXN_8345092;Smoothie;1;4.0;4.0;Credit Card;ERROR;2023-07-24
TXN_5849947;Sandwich;5;4.0;20.0;Cash;ERROR;2023-02-02
TXN_8227648;ERROR;;1.5;4.5;;Takeaway;2023-05-31
TXN_7800602;Tea;1;1.5;1.5;Cash;;2023-04-30
TXN_5926836;Cake;5;3.0;15.0;;In-store;2023-08-07
TXN_4397994;Cookie;5;1.0;5.0;;Takeaway;2023-09-26
TXN_1585827;Cake;3;3.0;9.0;Credit Card;In-store;2023-09-30
TXN_3384640;Salad;4;5.0;20.0;;Takeaway;2023-10-17
TXN_1990029;Tea;4;1.5;6.0;Credit Card;In-store;2023-11-18
TXN_5796131;Smoothie;3;4.0;12.0;Digital Wallet;Takeaway;2023-09-30
TXN_5166412;UNKNOWN;4;1.0;4.0;UNKNOWN;Takeaway;2023-06-17
TXN_7804740;Smoothie;2;4.0;8.0;Digital Wallet;;2023-10-19
TXN_9082461;Cake;5;ERROR;15.0;Digital Wallet;In-store;2023-05-30
TXN_6665881;Juice;2;3.0;6.0;Credit Card;;2023-07-04
TXN_4046039;Juice;5;3.0;15.0;;In-store;2023-04-20
TXN_8447640;Sandwich;UNKNOWN;4.0;20.0;Cash;In-store;2023-06-12
TXN_3042768;Cookie;3;1.0;3.0;Digital Wallet;Takeaway;2023-09-07
TXN_4664329;Tea;2;1.5;3.0;Credit Card;Takeaway;2023-01-06
TXN_7442492;Salad;5;5.0;25.0;Credit Card;Takeaway;2023-07-23
TXN_8664335;Sandwich;5;4.0;20.0;Digital Wallet;Takeaway;2023-06-12
TXN_7379007;Cake;2;3.0;6.0;;Takeaway;
TXN_1434857;Cake;5;3.0;15.0;ERROR;In-store;2023-01-13
TXN_1700374;Sandwich;5;4.0;20.0;;In-store;2023-08-11
TXN_8383484;ERROR;2;3.0;6.0;;;2023-12-20
TXN_1261028;Juice;3;3.0;9.0;ERROR;In-store;2023-10-27
TXN_1478016;;4;1.0;4.0;;In-store;2023-08-04
TXN_5321145;Sandwich;5;4.0;20.0;Digital Wallet;Takeaway;2023-08-29
TXN_3884995;Juice;5;3.0;15.0;Cash;In-store;2023-12-25
TXN_4178488;Sandwich;3;4.0;12.0;Cash;In-store;2023-05-08
TXN_4826214;UNKNOWN;3;2.0;6.0;Digital Wallet;Takeaway;2023-11-23
TXN_2579157;Sandwich;1;4.0;4.0;UNKNOWN;;2023-09-27
TXN_3597806;Cookie;3;1.0;3.0;Credit Card;UNKNOWN;2023-12-11
TXN_7897119;Juice;4;3.0;UNKNOWN;ERROR;In-store;2023-05-27
TXN_2245037;Coffee;2;2.0;4.0;;;2023-10-18
TXN_4833378;Cake;5;3.0;15.0;Digital Wallet;;2023-10-15
TXN_7055306;Salad;1;5.0;5.0;;Takeaway;2023-03-09
TXN_9135433;Cookie;4;1.0;UNKNOWN;;In-store;2023-12-18
TXN_1715684;Smoothie;1;4.0;4.0;UNKNOWN;In-store;2023-07-13
TXN_9073440;Sandwich;2;4.0;8.0;Credit Card;Takeaway;2023-08-28
TXN_4089355;Salad;2;5.0;10.0;Credit Card;Takeaway;2023-02-18
TXN_3834078;Juice;1;3.0;3.0;;In-store;2023-01-29
TXN_5048650;Smoothie;2;4.0;UNKNOWN;Cash;Takeaway;2023-11-18
TXN_1882700;Tea;3;1.5;4.5;Digital Wallet;In-store;2023-04-18
TXN_2112911;Salad;3;5.0;15.0;Digital Wallet;Takeaway;2023-09-18
TXN_7568316;Cake;2;3.0;6.0;Credit Card;;2023-11-28
TXN_3642982;Coffee;5;2.0;10.0;Cash;UNKNOWN;2023-10-04
TXN_4475094;Sandwich;3;4.0;12.0;ERROR;ERROR;2023-08-12
TXN_6768812;Coffee;4;2.0;8.0;ERROR;;2023-03-30
TXN_1419669;Cake;5;3.0;15.0;Cash;Takeaway;2023-03-07
TXN_9810604;Cake;2;3.0;6.0;ERROR;Takeaway;2023-04-02
TXN_4791243;Cookie;5;1.0;5.0;;Takeaway;2023-05-12
TXN_5665311;UNKNOWN;2;1.0;2.0;Credit Card;In-store;2023-05-17
TXN_7920897;Salad;2;5.0;10.0;;In-store;2023-07-29
TXN_7515272;UNKNOWN;1;3.0;3.0;;;2023-08-12
TXN_5453836;Smoothie;2;4.0;8.0;Credit Card;In-store;2023-05-29
TXN_5578796;Tea;4;1.5;6.0;;In-store;2023-04-27
TXN_8620592;Smoothie;2;4.0;8.0;;In-store;2023-07-14
TXN_7402846;Juice;UNKNOWN;3.0;6.0;Credit Card;Takeaway;2023-10-11
TXN_9487214;Coffee;5;2.0;10.0;UNKNOWN;;2023-03-25
TXN_2274702;Cookie;5;1.0;5.0;Credit Card;In-store;2023-12-11
TXN_2701016;Cake;5;3.0;15.0;Digital Wallet;;2023-03-06
TXN_8809853;Coffee;1;2.0;2.0;Digital Wallet;Takeaway;2023-10-29
TXN_7683607;Cake;1;3.0;3.0;Cash;;2023-03-17
TXN_2402928;Coffee;4;2.0;8.0;Cash;;2023-10-20
TXN_6516391;Cake;2;3.0;6.0;Digital Wallet;;2023-06-16
TXN_9685326;Smoothie;3;4.0;12.0;Digital Wallet;Takeaway;2023-04-07
TXN_6181456;ERROR;1;1.0;;;Takeaway;2023-05-08
TXN_9858627;Juice;4;3.0;12.0;UNKNOWN;;2023-01-22
TXN_9923613;Sandwich;4;4.0;16.0;;In-store;2023-11-08
TXN_7656770;Coffee;1;2.0;2.0;Credit Card;;2023-12-24
TXN_4092551;Juice;5;3.0;15.0;Credit Card;Takeaway;2023-10-11
TXN_9894204;UNKNOWN;2;2.0;4.0;Cash;Takeaway;2023-08-08
TXN_7241288;Sandwich;5;4.0;20.0;Cash;Takeaway;2023-04-11
TXN_9833195;Coffee;2;2.0;4.0;;Takeaway;2023-03-03
TXN_9153854;Sandwich;2;4.0;8.0;;In-store;2023-04-04
TXN_1436851;Sandwich;5;4.0;20.0;Cash;Takeaway;2023-07-28
TXN_8598575;Sandwich;4;4.0;16.0;Digital Wallet;;2023-11-14
TXN_1417871;Salad;3;5.0;15.0;Cash;Takeaway;2023-03-12
TXN_7844352;ERROR;2;;6.0;Credit Card;;2023-07-26
TXN_2339781;Smoothie;2;4.0;8.0;;In-store;2023-01-02
TXN_6674257;Sandwich;3;4.0;12.0;Cash;Takeaway;2023-07-20
TXN_2649010;Tea;UNKNOWN;1.5;6.0;Cash;Takeaway;2023-08-01
TXN_1339158;Salad;4;5.0;20.0;Cash;;UNKNOWN
TXN_7948933;Sandwich;3;4.0;12.0;Cash;;ERROR
TXN_4965631;Smoothie;3;4.0;12.0;Credit Card;ERROR;2023-01-27
TXN_9254064;Coffee;2;2.0;4.0;Cash;Takeaway;2023-12-10
TXN_4554168;Tea;4;1.5;6.0;Digital Wallet;In-store;2023-04-08
TXN_6536418;Salad;5;5.0;25.0;Credit Card;In-store;2023-02-11
TXN_9024186;Juice;2;UNKNOWN;6.0;Cash;Takeaway;2023-12-17
TXN_4580084;Sandwich;5;4.0;;Credit Card;Takeaway;2023-12-17
TXN_3996874;Tea;4;1.5;6.0;Digital Wallet;;2023-05-18
TXN_7106595;ERROR;ERROR;1.5;3.0;Credit Card;Takeaway;2023-06-19
TXN_5439860;Tea;1;1.5;1.5;Digital Wallet;In-store;2023-04-18
TXN_3216618;Salad;4;5.0;20.0;Credit Card;In-store;2023-12-30
TXN_8360779;Cookie;4;1.0;4.0;Credit Card;In-store;2023-10-25
TXN_3700419;Cookie;4;1.0;4.0;ERROR;;2023-01-09
TXN_6369590;Salad;5;5.0;25.0;Digital Wallet;Takeaway;2023-10-26
TXN_5039782;Tea;3;1.5;4.5;Credit Card;Takeaway;2023-06-21
TXN_7047860;Coffee;2;;4.0;;Takeaway;2023-06-18
TXN_2985748;Coffee;3;2.0;6.0;;Takeaway;2023-12-19
TXN_8616557;Sandwich;5;4.0;20.0;;In-store;2023-08-28
TXN_3171673;Smoothie;2;4.0;8.0;Digital Wallet;Takeaway;2023-12-07
TXN_4827637;Smoothie;4;4.0;16.0;Cash;In-store;2023-04-28
TXN_1170198;Tea;4;1.5;6.0;Credit Card;In-store;2023-02-09
TXN_8166527;Salad;2;5.0;10.0;Cash;In-store;2023-05-24
TXN_3097593;Smoothie;2;4.0;8.0;Credit Card;In-store;2023-06-18
TXN_2981117;UNKNOWN;1;3.0;3.0;UNKNOWN;In-store;2023-10-02
TXN_3431526;Cookie;3;1.0;3.0;Credit Card;Takeaway;2023-12-27
TXN_1817076;ERROR;3;3.0;UNKNOWN;Cash;In-store;2023-05-31
TXN_1489218;Salad;2;5.0;10.0;Digital Wallet;;2023-09-13
TXN_1936644;Juice;3;3.0;9.0;Digital Wallet;ERROR;2023-01-28
TXN_4293694;Smoothie;5;4.0;20.0;Cash;;2023-08-03
TXN_9469529;Coffee;2;2.0;4.0;;UNKNOWN;2023-08-09
TXN_2946861;UNKNOWN;3;3.0;;UNKNOWN;;2023-03-28
TXN_7919609;Sandwich;ERROR;4.0;12.0;;In-store;2023-01-31
TXN_7692019;Juice;3;3.0;9.0;;In-store;2023-10-14
TXN_7677750;Tea;2;1.5;;Cash;Takeaway;2023-12-24
TXN_9799633;Juice;4;3.0;12.0;Cash;In-store;2023-11-07
TXN_4252036;Sandwich;2;4.0;8.0;Cash;Takeaway;2023-01-22
TXN_6637989;Smoothie;1;4.0;4.0;Cash;;2023-11-09
TXN_2860514;Cookie;5;1.0;5.0;Credit Card;;2023-09-01
TXN_4143449;Smoothie;3;4.0;12.0;Digital Wallet;;2023-08-23
TXN_1499208;;1;4.0;4.0;Cash;Takeaway;2023-11-01
TXN_1960599;Cake;4;3.0;12.0;Cash;;2023-01-06
TXN_1184377;Juice;1;3.0;3.0;Cash;;2023-10-25
TXN_6995795;Salad;4;5.0;20.0;;In-store;2023-11-28
TXN_7805508;Smoothie;5;4.0;20.0;;In-store;2023-07-10
TXN_6193929;Juice;5;3.0;15.0;ERROR;Takeaway;2023-06-20
TXN_1942950;Sandwich;4;4.0;16.0;;Takeaway;2023-03-25
TXN_9759221;Coffee;3;ERROR;6.0;Cash;Takeaway;2023-06-23
TXN_1205522;Cake;5;3.0;15.0;;In-store;2023-12-26
TXN_7792223;Smoothie;3;4.0;UNKNOWN;Credit Card;;2023-07-21
TXN_7205370;Smoothie;4;4.0;16.0;Cash;;2023-12-07
TXN_9992148;Tea;3;1.5;4.5;Cash;Takeaway;2023-01-14
TXN_6305420;Cookie;3;1.0;3.0;;In-store;2023-06-17
TXN_9982090;Tea;5;1.5;7.5;Digital Wallet;In-store;2023-06-03
TXN_6507690;Juice;;3.0;3.0;Digital Wallet;In-store;2023-01-30
TXN_8487057;Smoothie;5;4.0;20.0;;Takeaway;2023-06-01
TXN_6646382;Tea;4;1.5;6.0;ERROR;ERROR;2023-09-16
TXN_5255092;Sandwich;1;4.0;4.0;ERROR;Takeaway;2023-10-08
TXN_8402941;Cake;5;3.0;15.0;Credit Card;In-store;2023-11-26
TXN_4265056;Juice;1;3.0;3.0;Cash;;2023-07-16
TXN_4605871;Cookie;1;1.0;1.0;ERROR;ERROR;2023-06-20
TXN_7976001;Juice;4;3.0;12.0;Credit Card;In-store;2023-06-27
TXN_4969003;Cookie;1;1.0;UNKNOWN;Digital Wallet;In-store;2023-04-19
TXN_3629728;Smoothie;1;4.0;4.0;Digital Wallet;Takeaway;2023-03-11
TXN_7027319;Smoothie;;4.0;12.0;Credit Card;Takeaway;2023-02-25
TXN_1907428;Juice;4;3.0;12.0;Credit Card;In-store;2023-06-06
TXN_6594753;Juice;3;3.0;9.0;;UNKNOWN;2023-03-16
TXN_8554646;Coffee;2;2.0;4.0;Cash;;2023-01-10
TXN_5860664;Juice;5;3.0;15.0;Digital Wallet;;2023-06-06
TXN_3586768;Coffee;2;2.0;4.0;;In-store;2023-05-23
TXN_5765294;Cookie;4;1.0;4.0;Digital Wallet;In-store;2023-11-14
TXN_4966149;Juice;2;3.0;6.0;Cash;;2023-04-10
TXN_3652726;Sandwich;3;4.0;12.0;;In-store;2023-08-03
TXN_2273573;Cookie;5;1.0;5.0;Cash;In-store;2023-11-12
TXN_7924516;Cookie;1;1.0;1.0;Credit Card;;2023-04-23
TXN_2083132;Salad;1;5.0;5.0;UNKNOWN;;2023-08-31
TXN_8837131;ERROR;3;4.0;12.0;Digital Wallet;In-store;2023-12-23
TXN_2659832;Sandwich;3;;12.0;Credit Card;ERROR;2023-12-05
TXN_5049646;Juice;2;3.0;6.0;Credit Card;In-store;2023-08-30
TXN_9182359;Salad;3;5.0;15.0;;In-store;UNKNOWN
TXN_7401217;Salad;UNKNOWN;5.0;20.0;;;2023-02-06
TXN_6853142;Smoothie;3;4.0;12.0;Cash;ERROR;2023-07-21
TXN_4031726;Cake;4;3.0;12.0;Credit Card;Takeaway;2023-11-22
TXN_9512112;Coffee;4;2.0;8.0;Cash;Takeaway;2023-05-25
TXN_9428611;Salad;4;5.0;20.0;Digital Wallet;;2023-07-13
TXN_1472433;ERROR;1;2.0;2.0;Digital Wallet;Takeaway;2023-04-05
TXN_5235471;Cake;5;3.0;15.0;;In-store;UNKNOWN
TXN_5483635;Juice;3;3.0;9.0;Credit Card;In-store;2023-03-23
TXN_1848481;Cookie;4;1.0;4.0;Credit Card;;UNKNOWN
TXN_3478169;Juice;2;3.0;6.0;Cash;In-store;2023-02-03
TXN_3842766;Tea;3;1.5;4.5;Credit Card;In-store;2023-03-24
TXN_7805115;Smoothie;2;4.0;8.0;ERROR;;2023-12-18
TXN_7565447;Salad;1;5.0;ERROR;;;2023-02-15
TXN_8225343;Smoothie;1;4.0;4.0;Cash;;2023-05-10
TXN_3822036;Smoothie;3;4.0;12.0;Credit Card;Takeaway;2023-05-07
TXN_3019996;Sandwich;2;4.0;8.0;Cash;;2023-06-27
TXN_8397209;UNKNOWN;3;1.5;4.5;Cash;In-store;2023-10-12
TXN_5634977;Coffee;5;2.0;10.0;;In-store;2023-03-06
TXN_8165784;Cake;5;3.0;15.0;Digital Wallet;;2023-10-15
TXN_3619141;Cookie;4;1.0;4.0;Digital Wallet;In-store;2023-09-30
TXN_7160017;Juice;1;3.0;3.0;Cash;In-store;2023-09-27
TXN_9513509;Sandwich;1;4.0;4.0;Credit Card;;2023-04-27
TXN_5919038;Cookie;1;1.0;1.0;Credit Card;In-store;2023-12-15
TXN_8384229;Tea;4;1.5;6.0;Digital Wallet;;2023-01-08
TXN_9011816;Cake;1;3.0;3.0;UNKNOWN;Takeaway;2023-04-02
TXN_2916992;Salad;2;5.0;10.0;Cash;Takeaway;2023-08-20
TXN_4350788;Tea;3;UNKNOWN;4.5;;In-store;2023-06-28
TXN_3132488;Sandwich;UNKNOWN;4.0;16.0;Credit Card;Takeaway;2023-09-12
TXN_9126573;Salad;4;5.0;20.0;Digital Wallet;;2023-06-17
TXN_5347338;Cake;4;3.0;12.0;Digital Wallet;Takeaway;2023-07-04
TXN_9455737;ERROR;3;5.0;15.0;;;UNKNOWN
TXN_2930963;UNKNOWN;2;4.0;8.0;Digital Wallet;In-store;2023-02-09
TXN_7997252;UNKNOWN;3;3.0;9.0;Credit Card;;2023-05-28
TXN_1907740;Sandwich;1;4.0;4.0;Cash;;2023-03-17
TXN_3654670;Juice;1;3.0;3.0;Credit Card;Takeaway;2023-06-14
TXN_1432682;Tea;1;1.5;1.5;;UNKNOWN;2023-07-11
TXN_3938271;Salad;3;5.0;15.0;;In-store;2023-01-12
TXN_7619641;Juice;3;3.0;9.0;;In-store;2023-04-02
TXN_1870423;Salad;2;5.0;10.0;Credit Card;Takeaway;2023-04-12
TXN_1006942;Salad;1;5.0;5.0;Credit Card;In-store;2023-11-30
TXN_2282319;Juice;2;3.0;;Cash;In-store;2023-08-14
TXN_6812735;Tea;5;1.5;7.5;;ERROR;2023-04-21
TXN_6922833;Tea;1;1.5;1.5;ERROR;Takeaway;2023-11-17
TXN_1026799;Cake;5;3.0;15.0;Credit Card;;UNKNOWN
TXN_5783469;Salad;ERROR;5.0;15.0;;ERROR;2023-06-14
TXN_8489120;Cookie;2;1.0;2.0;Credit Card;;2023-11-07
TXN_6200609;Salad;5;5.0;UNKNOWN;Digital Wallet;Takeaway;2023-04-12
TXN_8194534;Coffee;2;2.0;4.0;Cash;;2023-05-19
TXN_7238674;Cookie;1;1.0;1.0;;;2023-11-03
TXN_6968752;Tea;1;UNKNOWN;1.5;;;2023-04-07
TXN_2582926;Smoothie;4;4.0;16.0;;ERROR;ERROR
TXN_1346953;Tea;3;1.5;4.5;;In-store;2023-09-24
TXN_8742689;Tea;5;1.5;7.5;Digital Wallet;Takeaway;2023-01-05
TXN_2144031;Juice;1;3.0;3.0;;;2023-02-25
TXN_1996466;Smoothie;1;4.0;4.0;Digital Wallet;;2023-04-24
TXN_1124796;ERROR;5;1.5;7.5;Credit Card;;2023-10-28
TXN_7124156;Salad;1;5.0;5.0;Credit Card;Takeaway;2023-07-28
TXN_3150614;Sandwich;1;4.0;4.0;Cash;Takeaway;2023-08-06
TXN_5263693;Juice;1;3.0;3.0;Digital Wallet;Takeaway;2023-01-20
TXN_1785644;;5;1.5;7.5;;;2023-08-13
TXN_1702437;Smoothie;4;4.0;16.0;Credit Card;Takeaway;2023-06-27
TXN_6500713;Cookie;3;1.0;3.0;;In-store;2023-04-30
TXN_8725721;Sandwich;1;4.0;4.0;Cash;ERROR;2023-06-04
TXN_8965025;Salad;1;5.0;5.0;Cash;In-store;2023-04-14
TXN_8491490;Coffee;2;2.0;4.0;;In-store;2023-01-16
TXN_4328869;Sandwich;2;4.0;8.0;Cash;;2023-05-02
TXN_3849711;Smoothie;5;4.0;20.0;Cash;;2023-08-14
TXN_1334406;Juice;1;3.0;3.0;Digital Wallet;In-store;2023-09-26
TXN_1556708;Smoothie;1;4.0;4.0;Digital Wallet;Takeaway;2023-06-11
TXN_8422494;Salad;4;5.0;20.0;Cash;In-store;2023-06-08
TXN_3427754;Smoothie;2;4.0;8.0;Digital Wallet;Takeaway;2023-08-06
TXN_3512545;Cookie;;1.0;4.0;Credit Card;In-store;2023-08-08
TXN_7703185;Cake;1;UNKNOWN;3.0;Digital Wallet;Takeaway;2023-12-10
TXN_8455321;Smoothie;3;4.0;12.0;;In-store;2023-01-25
TXN_9904505;Smoothie;2;4.0;8.0;Digital Wallet;ERROR;2023-06-07
TXN_5020643;Tea;3;1.5;4.5;Digital Wallet;In-store;2023-10-19
TXN_8170122;Cookie;5;1.0;5.0;Digital Wallet;In-store;2023-03-20
TXN_5067216;UNKNOWN;4;5.0;20.0;;Takeaway;2023-07-24
TXN_3930540;Smoothie;3;4.0;12.0;Cash;UNKNOWN;2023-03-24
TXN_4663537;Coffee;5;2.0;10.0;Credit Card;;2023-10-22
TXN_5392630;Juice;5;3.0;ERROR;Cash;Takeaway;2023-11-23
TXN_9480851;Cake;3;3.0;ERROR;;In-store;2023-03-21
TXN_5927620;Smoothie;1;4.0;4.0;Credit Card;;2023-05-04
TXN_1561430;Tea;2;1.5;3.0;;Takeaway;2023-10-13
TXN_1133945;Smoothie;2;4.0;8.0;Digital Wallet;In-store;2023-10-23
TXN_5467240;Smoothie;5;4.0;20.0;Digital Wallet;UNKNOWN;2023-10-20
TXN_3210288;Salad;3;ERROR;15.0;UNKNOWN;Takeaway;2023-04-30
TXN_1586452;Salad;2;5.0;ERROR;Cash;In-store;2023-02-01
TXN_9814929;Cake;3;3.0;9.0;Digital Wallet;In-store;2023-10-01
TXN_8961480;Tea;4;1.5;6.0;Cash;;2023-02-18
TXN_1826919;Juice;4;3.0;12.0;Credit Card;In-store;2023-02-21
TXN_3135048;Salad;1;5.0;5.0;Credit Card;Takeaway;2023-02-03
TXN_3105263;ERROR;4;4.0;16.0;Credit Card;Takeaway;2023-11-25
TXN_4504141;Sandwich;5;4.0;;Credit Card;;2023-09-28
TXN_7408461;Juice;3;3.0;9.0;UNKNOWN;In-store;2023-11-05
TXN_8108115;Coffee;ERROR;2.0;6.0;;In-store;2023-08-24
TXN_6655437;Juice;1;3.0;3.0;ERROR;;2023-07-07
TXN_9120328;Tea;5;1.5;7.5;Credit Card;Takeaway;2023-10-22
TXN_3906862;Cake;5;3.0;15.0;Cash;;2023-08-14
TXN_8468071;Cookie;4;1.0;4.0;;;2023-08-22
TXN_7543921;Coffee;3;2.0;6.0;Cash;In-store;2023-12-06
TXN_8714536;ERROR;4;4.0;16.0;Digital Wallet;Takeaway;2023-05-06
TXN_3282601;;2;3.0;6.0;Digital Wallet;In-store;2023-02-03
TXN_4569599;UNKNOWN;2;1.5;3.0;Cash;;2023-02-07
TXN_2970011;Coffee;4;2.0;8.0;Credit Card;Takeaway;2023-06-04
TXN_5556328;Tea;5;1.5;7.5;Digital Wallet;In-store;2023-12-10
TXN_8786159;Coffee;3;2.0;6.0;Cash;In-store;2023-04-05
TXN_2467699;Tea;1;1.5;1.5;Cash;UNKNOWN;2023-06-17
TXN_3085628;Salad;1;5.0;5.0;Cash;;2023-08-26
TXN_7952153;Smoothie;2;4.0;8.0;Digital Wallet;;2023-07-24
TXN_4439321;Coffee;3;2.0;6.0;Cash;In-store;2023-04-25
TXN_1488127;Tea;5;;7.5;;Takeaway;2023-12-12
TXN_6687734;Cake;1;3.0;3.0;ERROR;In-store;2023-03-14
TXN_7323885;Sandwich;5;4.0;20.0;Cash;In-store;2023-09-15
TXN_7894558;Coffee;2;2.0;4.0;;;2023-01-04
TXN_4019040;Tea;1;1.5;1.5;Cash;In-store;2023-02-01
TXN_1570573;Sandwich;3;4.0;12.0;Digital Wallet;Takeaway;2023-04-09
TXN_5991995;Cake;1;3.0;3.0;Digital Wallet;In-store;2023-01-08
TXN_2437586;Sandwich;4;4.0;16.0;Cash;;2023-08-29
TXN_7326827;Smoothie;1;4.0;4.0;;In-store;2023-06-30
TXN_6004431;Sandwich;2;4.0;8.0;Cash;Takeaway;2023-04-07
TXN_7475500;Cookie;2;1.0;2.0;Cash;;2023-11-22
TXN_8122317;Coffee;3;2.0;6.0;Cash;Takeaway;2023-10-16
TXN_2028930;Cookie;2;1.0;2.0;Digital Wallet;;2023-11-25
TXN_3394874;Coffee;4;2.0;8.0;Credit Card;Takeaway;2023-06-18
TXN_5804346;Tea;UNKNOWN;1.5;1.5;Credit Card;;2023-07-05
TXN_5926025;;2;4.0;;Digital Wallet;;2023-07-29
TXN_2220389;Salad;4;5.0;20.0;Credit Card;UNKNOWN;2023-07-26
TXN_9603773;Cookie;2;1.0;2.0;Credit Card;;2023-10-10
TXN_1285279;Coffee;2;2.0;4.0;Cash;Takeaway;2023-04-09
TXN_5244558;Smoothie;4;4.0;16.0;Digital Wallet;;2023-06-06
TXN_1702434;Smoothie;3;4.0;12.0;Digital Wallet;;2023-07-22
TXN_2425755;Smoothie;1;4.0;4.0;;Takeaway;2023-09-14
TXN_5350200;UNKNOWN;1;4.0;4.0;Cash;In-store;2023-12-02
TXN_7151817;Sandwich;1;4.0;4.0;Cash;In-store;2023-05-18
TXN_7514589;Juice;3;3.0;9.0;Cash;Takeaway;2023-07-25
TXN_5962237;Juice;1;3.0;3.0;;Takeaway;2023-10-31
TXN_9059245;UNKNOWN;1;4.0;4.0;Cash;;2023-07-11
TXN_2188356;Tea;1;1.5;1.5;;In-store;2023-07-14
TXN_8019335;Smoothie;3;4.0;12.0;Digital Wallet;Takeaway;2023-11-26
TXN_5921650;Salad;;5.0;20.0;;In-store;2023-10-13
TXN_5248011;Cake;2;3.0;6.0;;In-store;2023-01-21
TXN_7332957;Sandwich;5;4.0;20.0;Digital Wallet;;2023-07-26
TXN_1278539;Tea;1;1.5;1.5;Credit Card;Takeaway;2023-04-04
TXN_1186221;Salad;4;5.0;20.0;Cash;Takeaway;2023-04-21
TXN_3086676;Cake;2;3.0;6.0;Cash;UNKNOWN;2023-07-21
TXN_9696138;Juice;3;3.0;9.0;;;2023-12-01
TXN_1846455;Sandwich;4;4.0;16.0;;;2023-03-16
TXN_1548245;;4;4.0;16.0;Credit Card;;2023-03-15
TXN_1839407;Cookie;3;1.0;3.0;Cash;;2023-03-15
TXN_9028798;Cake;2;3.0;6.0;Cash;In-store;2023-05-25
TXN_4672332;Cake;4;3.0;;Cash;In-store;2023-03-29
TXN_2726078;Coffee;3;2.0;6.0;Digital Wallet;;2023-11-27
TXN_5249091;Smoothie;5;4.0;20.0;Credit Card;In-store;2023-08-15
TXN_9507397;Cookie;3;1.0;3.0;Credit Card;Takeaway;2023-10-26
TXN_6948649;ERROR;5;1.5;7.5;Cash;In-store;2023-11-27
TXN_3300171;Cookie;5;1.0;5.0;Credit Card;In-store;2023-02-14
TXN_2773085;Coffee;1;;2.0;;;2023-10-16
TXN_4697112;Sandwich;3;4.0;12.0;Credit Card;;2023-04-08
TXN_7897423;UNKNOWN;4;5.0;20.0;;;2023-05-24
TXN_6373380;Coffee;4;2.0;8.0;Cash;In-store;2023-07-21
TXN_8668590;Cookie;4;1.0;4.0;Digital Wallet;;2023-04-18
TXN_9121676;Smoothie;4;4.0;16.0;;;2023-12-25
TXN_4956012;Sandwich;1;4.0;4.0;;In-store;2023-07-20
TXN_4341126;Cake;2;3.0;6.0;Cash;;2023-07-01
TXN_9792412;Tea;UNKNOWN;1.5;6.0;Digital Wallet;Takeaway;2023-06-15
TXN_2103018;Cake;5;3.0;;Credit Card;In-store;2023-11-24
TXN_9843421;ERROR;3;3.0;9.0;UNKNOWN;In-store;2023-09-06
TXN_2227781;Cake;1;3.0;3.0;Cash;Takeaway;2023-01-21
TXN_6159539;Juice;1;3.0;3.0;Digital Wallet;;2023-01-12
TXN_8014766;UNKNOWN;1;4.0;4.0;;;2023-10-05
TXN_5234152;Cookie;5;1.0;5.0;Digital Wallet;Takeaway;2023-03-26
TXN_9468033;Juice;1;3.0;3.0;Credit Card;;2023-12-13
TXN_3132304;Sandwich;1;4.0;4.0;Credit Card;;2023-01-21
TXN_6262910;Cake;4;3.0;12.0;Cash;Takeaway;2023-07-02
TXN_7543841;Cookie;3;1.0;3.0;Cash;In-store;2023-11-07
TXN_7901672;Cookie;1;1.0;1.0;;;2023-06-24
TXN_1058957;Juice;2;3.0;6.0;Cash;In-store;2023-03-21
TXN_7635738;Coffee;ERROR;2.0;8.0;Cash;Takeaway;2023-08-08
TXN_2728444;Salad;1;5.0;5.0;Digital Wallet;Takeaway;2023-01-23
TXN_9073184;Cake;2;3.0;6.0;UNKNOWN;;2023-04-14
TXN_2044945;ERROR;2;1.5;3.0;Cash;;2023-10-18
TXN_5665341;Tea;5;1.5;7.5;Cash;;2023-02-27
TXN_1509627;Juice;4;UNKNOWN;12.0;Digital Wallet;;2023-03-23
TXN_7813066;Juice;1;;3.0;;;2023-02-28
TXN_5518591;Cookie;4;1.0;4.0;Digital Wallet;;2023-09-21
TXN_6540415;Cake;5;3.0;15.0;;UNKNOWN;2023-05-27
TXN_2991726;Juice;5;ERROR;15.0;;In-store;2023-09-01
TXN_7939659;Cake;3;3.0;9.0;Digital Wallet;Takeaway;2023-07-26
TXN_7531403;Smoothie;2;4.0;8.0;Cash;In-store;2023-07-08
TXN_3767196;Salad;4;5.0;20.0;Cash;;2023-08-30
TXN_3562332;Salad;5;5.0;25.0;;;2023-06-20
TXN_7302788;Coffee;1;2.0;2.0;Cash;In-store;2023-09-18
TXN_9233948;Cookie;4;1.0;4.0;Cash;;2023-03-26
TXN_1510673;Juice;3;3.0;9.0;;ERROR;2023-02-26
TXN_9867586;Smoothie;4;4.0;16.0;;In-store;2023-06-02
TXN_1750875;Juice;3;3.0;9.0;;;2023-12-13
TXN_6397944;Salad;5;5.0;25.0;;UNKNOWN;2023-10-31
TXN_5216430;Cookie;3;;3.0;;UNKNOWN;2023-02-05
TXN_2723755;Juice;3;3.0;9.0;Cash;;2023-06-30
TXN_2313646;Sandwich;3;4.0;12.0;;In-store;2023-08-24
TXN_6327139;ERROR;4;4.0;16.0;;Takeaway;ERROR
TXN_4028494;Cake;3;3.0;9.0;Digital Wallet;In-store;2023-10-22
TXN_1412415;Juice;3;3.0;9.0;Cash;In-store;2023-02-24
TXN_7398884;ERROR;3;4.0;12.0;;Takeaway;2023-12-24
TXN_6546131;Coffee;4;2.0;8.0;Credit Card;In-store;2023-06-26
TXN_9030656;Juice;5;3.0;15.0;Digital Wallet;Takeaway;2023-12-12
TXN_1950777;Salad;5;5.0;25.0;Cash;Takeaway;2023-08-26
TXN_4605239;Coffee;1;2.0;2.0;Credit Card;;2023-08-06
TXN_8019396;Sandwich;3;4.0;12.0;;;2023-10-20
TXN_3716685;;5;4.0;20.0;Digital Wallet;Takeaway;ERROR
TXN_1580822;Juice;5;3.0;15.0;Credit Card;;ERROR
TXN_5060289;Tea;5;1.5;7.5;Credit Card;UNKNOWN;
TXN_7874772;Tea;1;1.5;1.5;Credit Card;Takeaway;2023-04-26
TXN_2625464;Smoothie;3;4.0;12.0;Credit Card;In-store;2023-10-06
TXN_9338442;Cake;1;3.0;3.0;Digital Wallet;In-store;2023-12-29
TXN_2953908;Coffee;5;2.0;10.0;Credit Card;In-store;2023-10-11
TXN_2576936;Cake;3;3.0;9.0;Cash;;2023-10-14
TXN_4586482;Juice;3;3.0;9.0;;In-store;2023-09-04
TXN_3660806;Cookie;5;UNKNOWN;5.0;;Takeaway;2023-02-14
TXN_8069514;Smoothie;4;4.0;16.0;Credit Card;;
TXN_6410244;Tea;4;1.5;6.0;Credit Card;Takeaway;2023-01-06
TXN_5026431;;5;4.0;20.0;Cash;;2023-12-05
TXN_3106348;Salad;4;5.0;20.0;Digital Wallet;In-store;2023-01-10
TXN_6216278;Coffee;4;2.0;8.0;Credit Card;In-store;2023-11-06
TXN_9947324;Sandwich;2;4.0;8.0;Digital Wallet;Takeaway;2023-08-22
TXN_9531434;Cookie;1;1.0;UNKNOWN;Credit Card;Takeaway;2023-10-09
TXN_4104718;Cookie;2;1.0;2.0;Cash;;2023-11-08
TXN_5789560;Juice;2;3.0;6.0;Cash;Takeaway;2023-02-13
TXN_8285752;Cookie;4;1.0;4.0;;In-store;2023-01-07
TXN_8099340;UNKNOWN;4;1.5;6.0;;In-store;2023-04-23
TXN_7733300;Smoothie;2;4.0;8.0;Cash;Takeaway;2023-12-10
TXN_4416331;Cookie;1;1.0;1.0;;Takeaway;2023-02-13
TXN_3551665;Juice;4;3.0;12.0;Credit Card;In-store;2023-04-06
TXN_7377496;UNKNOWN;1;3.0;3.0;Credit Card;Takeaway;2023-02-28
TXN_4637438;Salad;2;5.0;10.0;;Takeaway;2023-04-07
TXN_5493965;Juice;1;3.0;3.0;;;2023-06-16
TXN_2525207;Cookie;2;1.0;2.0;Digital Wallet;;2023-11-25
TXN_7354480;Cake;2;3.0;6.0;Cash;;2023-01-17
TXN_6819128;Salad;1;5.0;5.0;Cash;;2023-10-19
TXN_5023419;Cookie;3;1.0;3.0;Digital Wallet;Takeaway;2023-02-26
TXN_9864890;Sandwich;3;4.0;12.0;;In-store;2023-12-06
TXN_8798330;;1;2.0;2.0;;In-store;2023-02-16
TXN_9951411;Coffee;1;2.0;2.0;Cash;In-store;2023-08-09
TXN_6755795;Smoothie;5;4.0;20.0;Cash;UNKNOWN;2023-02-22
TXN_7507071;Smoothie;2;4.0;8.0;;In-store;2023-01-10
TXN_1018470;Juice;3;3.0;9.0;;ERROR;2023-01-14
TXN_2924262;Cookie;5;1.0;5.0;;;2023-09-01
TXN_6472242;Sandwich;1;4.0;4.0;;;2023-03-27
TXN_8482647;Sandwich;5;4.0;20.0;Credit Card;;2023-01-08
TXN_6994354;Salad;5;5.0;25.0;;Takeaway;2023-07-03
TXN_3520910;Salad;1;5.0;5.0;Credit Card;Takeaway;2023-05-06
TXN_8589003;Tea;4;1.5;;Cash;UNKNOWN;2023-08-25
TXN_3219263;Smoothie;5;4.0;20.0;UNKNOWN;Takeaway;2023-03-31
TXN_9619442;Cake;4;3.0;12.0;Digital Wallet;In-store;2023-05-23
TXN_1050323;Juice;1;3.0;3.0;;In-store;2023-03-10
TXN_8379815;Smoothie;5;;20.0;Credit Card;;2023-07-31
TXN_6746916;Coffee;1;2.0;2.0;Cash;Takeaway;2023-11-15
TXN_1547717;Sandwich;5;4.0;;;;2023-12-15
TXN_8407982;Salad;2;5.0;10.0;Digital Wallet;Takeaway;2023-09-17
TXN_3484276;Cookie;5;1.0;5.0;Digital Wallet;Takeaway;2023-06-14
TXN_3705669;Tea;2;1.5;3.0;ERROR;;2023-11-23
TXN_4105487;Sandwich;4;4.0;16.0;Digital Wallet;In-store;2023-04-13
TXN_6856558;Juice;4;3.0;12.0;;Takeaway;2023-10-30
TXN_3669990;Tea;2;1.5;3.0;Cash;Takeaway;2023-01-27
TXN_5994713;Tea;3;1.5;4.5;;Takeaway;2023-03-05
TXN_8091357;Coffee;1;2.0;2.0;Cash;UNKNOWN;2023-12-28
TXN_9555958;Smoothie;4;4.0;16.0;Digital Wallet;Takeaway;2023-09-30
TXN_4194085;Salad;1;5.0;5.0;Credit Card;;2023-05-25
TXN_7780748;Cookie;3;1.0;3.0;Credit Card;In-store;2023-01-19
TXN_7914340;Tea;UNKNOWN;1.5;1.5;;ERROR;2023-09-04
TXN_7780786;Cake;1;3.0;3.0;Credit Card;;2023-10-30
TXN_1048284;Salad;2;5.0;10.0;Cash;In-store;2023-08-19
TXN_3301517;Salad;UNKNOWN;5.0;25.0;Credit Card;In-store;2023-04-13
TXN_3120848;Cookie;1;1.0;1.0;Cash;In-store;2023-11-01
TXN_3764807;Smoothie;2;;8.0;;;2023-08-28
TXN_3315467;Sandwich;2;4.0;8.0;Digital Wallet;Takeaway;2023-11-17
TXN_9363990;Cake;3;3.0;;Credit Card;UNKNOWN;2023-01-17
TXN_9666257;Juice;2;3.0;6.0;;In-store;2023-09-27
TXN_1504466;Coffee;1;2.0;2.0;Cash;;2023-11-07
TXN_3324387;UNKNOWN;1;4.0;4.0;Credit Card;;2023-12-13
TXN_7603895;Smoothie;5;4.0;20.0;Credit Card;In-store;UNKNOWN
TXN_1477525;Salad;3;5.0;15.0;Cash;Takeaway;2023-11-06
TXN_9063624;Coffee;1;2.0;2.0;Credit Card;UNKNOWN;2023-04-21
TXN_1595139;Smoothie;5;4.0;20.0;Cash;;2023-08-24
TXN_8606912;Salad;5;ERROR;25.0;Digital Wallet;;2023-03-10
TXN_8548232;Sandwich;4;4.0;16.0;Digital Wallet;In-store;2023-06-21
TXN_6074414;Salad;2;5.0;10.0;Credit Card;ERROR;2023-11-13
TXN_2010658;Smoothie;3;4.0;12.0;;ERROR;2023-02-20
TXN_5070577;Cookie;;1.0;4.0;Credit Card;Takeaway;2023-02-07
TXN_5426236;;3;4.0;12.0;Cash;Takeaway;2023-08-31
TXN_8867957;Sandwich;1;4.0;4.0;Digital Wallet;;2023-01-04
TXN_3241422;Salad;2;5.0;10.0;Cash;Takeaway;2023-07-17
TXN_6036254;ERROR;3;2.0;6.0;Credit Card;;2023-09-20
TXN_3580048;Smoothie;5;;20.0;;;2023-05-17
TXN_2756336;Smoothie;3;4.0;12.0;Credit Card;Takeaway;2023-07-07
TXN_9691873;Juice;2;ERROR;6.0;Digital Wallet;Takeaway;2023-02-15
TXN_2466187;Coffee;2;2.0;4.0;;Takeaway;2023-04-18
TXN_9699116;Cookie;2;1.0;2.0;Digital Wallet;In-store;
TXN_7964520;Coffee;1;2.0;2.0;;In-store;2023-03-26
TXN_3185667;Tea;5;UNKNOWN;7.5;Digital Wallet;;2023-12-26
TXN_8167741;Sandwich;4;4.0;16.0;;Takeaway;2023-09-09
TXN_1015883;Cookie;4;1.0;4.0;Cash;In-store;2023-10-16
TXN_8838566;Cake;5;3.0;15.0;Digital Wallet;In-store;2023-07-25
TXN_2423343;Tea;4;1.5;6.0;ERROR;In-store;2023-09-25
TXN_1496038;Juice;4;3.0;12.0;;In-store;2023-12-22
TXN_9484436;Salad;1;;5.0;Credit Card;In-store;2023-01-20
TXN_7670699;Juice;1;3.0;3.0;Cash;In-store;2023-12-24
TXN_7765640;ERROR;ERROR;2.0;2.0;Credit Card;;2023-07-07
TXN_5412418;;3;3.0;9.0;Cash;;2023-09-23
TXN_2053631;Salad;1;5.0;5.0;Credit Card;;2023-03-21
TXN_3632064;Cookie;5;1.0;5.0;Cash;;2023-02-12
TXN_4254587;Smoothie;1;4.0;4.0;Digital Wallet;;2023-05-27
TXN_9605972;Cake;3;3.0;9.0;;ERROR;2023-09-30
TXN_1323030;Salad;4;5.0;20.0;;In-store;2023-03-30
TXN_7989903;Juice;2;3.0;6.0;Cash;;2023-06-19
TXN_7423885;Juice;4;3.0;12.0;Digital Wallet;Takeaway;2023-09-06
TXN_1495371;Sandwich;2;4.0;ERROR;Credit Card;Takeaway;2023-07-21
TXN_8934025;Cookie;2;1.0;2.0;;;2023-12-18
TXN_7515290;Smoothie;UNKNOWN;4.0;12.0;Digital Wallet;;2023-12-23
TXN_3711520;Tea;1;1.5;1.5;;In-store;2023-06-29
TXN_3841683;Sandwich;1;4.0;4.0;UNKNOWN;In-store;2023-06-20
TXN_9100530;Sandwich;3;4.0;12.0;Digital Wallet;;2023-05-21
TXN_3112013;Sandwich;5;4.0;20.0;Cash;In-store;2023-01-06
TXN_7786787;Tea;1;1.5;1.5;Credit Card;Takeaway;2023-07-08
TXN_7160196;Sandwich;1;4.0;4.0;;In-store;2023-12-06
TXN_4634894;Coffee;1;2.0;2.0;;;2023-12-09
TXN_8214944;UNKNOWN;3;1.5;4.5;Credit Card;In-store;2023-11-18
TXN_1080377;Cake;2;3.0;6.0;ERROR;;2023-04-08
TXN_8566683;Smoothie;4;4.0;16.0;Cash;Takeaway;2023-08-09
TXN_2784588;Juice;2;3.0;6.0;Cash;Takeaway;2023-03-26
TXN_6110769;Cookie;2;1.0;2.0;;;2023-03-02
TXN_9999124;Juice;2;3.0;6.0;Digital Wallet;Takeaway;UNKNOWN
TXN_1637334;ERROR;2;1.5;3.0;Credit Card;In-store;2023-08-09
TXN_9514452;ERROR;5;;10.0;Credit Card;Takeaway;2023-07-29
TXN_8787350;Sandwich;5;4.0;20.0;;;2023-05-21
TXN_7533675;Smoothie;3;4.0;12.0;;In-store;2023-10-28
TXN_2264601;Tea;1;1.5;1.5;;;2023-01-21
TXN_6024139;Juice;4;3.0;12.0;Digital Wallet;UNKNOWN;2023-08-15
TXN_9841397;Coffee;4;2.0;8.0;Cash;In-store;2023-12-28
TXN_7302991;;4;4.0;16.0;Digital Wallet;Takeaway;2023-04-05
TXN_6093331;Smoothie;2;4.0;8.0;Credit Card;;2023-06-24
TXN_3087096;Tea;3;;4.5;Cash;;2023-08-19
TXN_8324315;Salad;1;5.0;5.0;;;2023-08-07
TXN_8933679;Salad;3;5.0;15.0;Digital Wallet;In-store;2023-09-24
TXN_3528653;Cake;1;3.0;3.0;UNKNOWN;;2023-02-26
TXN_4256155;Cake;5;3.0;15.0;;Takeaway;2023-04-06
TXN_7186675;Cookie;4;1.0;4.0;Cash;;2023-11-09
TXN_5295223;ERROR;5;5.0;25.0;Cash;In-store;2023-03-23
TXN_8578861;Salad;5;5.0;25.0;Digital Wallet;In-store;2023-05-16
TXN_8028042;Coffee;3;2.0;6.0;;;2023-04-05
TXN_4021467;Coffee;2;2.0;4.0;;Takeaway;2023-04-02
TXN_4807037;Salad;5;5.0;25.0;Cash;In-store;2023-12-08
TXN_3975938;Sandwich;3;4.0;12.0;Credit Card;;2023-09-04
TXN_3312653;Cookie;5;1.0;5.0;Cash;Takeaway;2023-12-09
TXN_1405498;Juice;2;3.0;6.0;UNKNOWN;Takeaway;2023-12-31
TXN_6571288;Sandwich;2;4.0;8.0;Credit Card;;2023-10-23
TXN_7560210;Juice;5;3.0;15.0;ERROR;Takeaway;2023-02-21
TXN_2905234;Cookie;1;1.0;1.0;Credit Card;;2023-09-24
TXN_3630981;Coffee;2;2.0;4.0;;In-store;2023-10-31
TXN_3339728;Juice;5;3.0;15.0;;In-store;2023-05-13
TXN_3826298;Cookie;3;1.0;3.0;;;2023-11-28
TXN_7854306;Sandwich;1;4.0;4.0;Cash;In-store;2023-09-17
TXN_6034709;UNKNOWN;2;2.0;4.0;Credit Card;;2023-06-16
TXN_3072565;Juice;3;3.0;ERROR;Credit Card;;2023-07-09
TXN_9544977;Cookie;4;1.0;4.0;;In-store;2023-07-04
TXN_9924421;Cake;5;3.0;15.0;Credit Card;;UNKNOWN
TXN_8374101;Salad;5;5.0;25.0;Credit Card;;2023-08-16
TXN_5814878;Smoothie;2;4.0;8.0;Digital Wallet;;2023-04-02
TXN_2398895;Juice;5;3.0;15.0;Digital Wallet;In-store;2023-04-04
TXN_1205020;Tea;5;1.5;7.5;Cash;;2023-10-03
TXN_4620459;Sandwich;5;4.0;20.0;Cash;ERROR;
TXN_1631377;Coffee;5;2.0;10.0;;Takeaway;2023-06-07
TXN_6368424;Cookie;3;1.0;3.0;;;ERROR
TXN_8116676;Cake;2;3.0;6.0;Digital Wallet;;2023-09-16
TXN_4116036;Salad;2;ERROR;10.0;Credit Card;In-store;2023-01-22
TXN_3172090;Juice;1;3.0;3.0;Credit Card;;2023-05-09
TXN_5193568;Juice;3;3.0;9.0;Cash;;2023-12-10
TXN_3725152;Coffee;5;2.0;10.0;;;2023-07-08
TXN_8724711;Salad;3;5.0;15.0;Cash;In-store;2023-02-07
TXN_9477344;UNKNOWN;2;1.0;2.0;Credit Card;In-store;2023-09-30
TXN_5899361;Cake;1;3.0;3.0;Credit Card;;2023-08-08
TXN_8261380;Cake;3;3.0;9.0;Cash;In-store;2023-10-01
TXN_1188551;UNKNOWN;2;2.0;4.0;;;2023-03-20
TXN_1887250;Tea;3;1.5;ERROR;;Takeaway;2023-05-15
TXN_4799873;Cookie;3;1.0;3.0;Digital Wallet;In-store;2023-03-04
TXN_9691151;Coffee;4;2.0;8.0;;In-store;2023-08-23
TXN_3014261;Salad;4;5.0;20.0;Cash;In-store;2023-11-29
TXN_9987991;Smoothie;ERROR;4.0;16.0;Credit Card;Takeaway;2023-02-21
TXN_1093668;Coffee;2;2.0;4.0;Digital Wallet;ERROR;2023-05-18
TXN_8279966;Coffee;UNKNOWN;2.0;6.0;Cash;In-store;2023-08-24
TXN_3977835;Tea;5;ERROR;7.5;;In-store;2023-05-06
TXN_1758689;Smoothie;3;4.0;12.0;Cash;ERROR;2023-02-17
TXN_4312977;Juice;1;3.0;3.0;Digital Wallet;In-store;2023-03-15
TXN_6503526;Cookie;5;ERROR;5.0;Credit Card;In-store;2023-10-20
TXN_8676485;Salad;2;5.0;10.0;;In-store;2023-04-28
TXN_7176851;Tea;4;1.5;6.0;Credit Card;Takeaway;2023-11-20
TXN_8695037;Smoothie;ERROR;4.0;8.0;UNKNOWN;;2023-01-24
TXN_6632882;Smoothie;1;4.0;4.0;Digital Wallet;In-store;2023-04-30
TXN_7775016;Sandwich;5;4.0;20.0;Cash;In-store;2023-09-27
TXN_2176024;Coffee;5;ERROR;10.0;Digital Wallet;In-store;2023-02-03
TXN_7051683;ERROR;3;3.0;9.0;Digital Wallet;In-store;2023-11-16
TXN_3670041;Smoothie;3;4.0;12.0;Digital Wallet;;2023-03-22
TXN_5124080;Cookie;1;1.0;1.0;Credit Card;In-store;2023-01-14
TXN_3317649;Sandwich;3;4.0;12.0;ERROR;Takeaway;2023-11-06
TXN_3953316;Cookie;2;1.0;2.0;Digital Wallet;;2023-06-06
TXN_6160209;Salad;3;5.0;15.0;;In-store;2023-07-28
TXN_7089316;Tea;2;1.5;3.0;Cash;In-store;2023-11-27
TXN_5421310;Coffee;ERROR;2.0;8.0;Digital Wallet;In-store;2023-06-10
TXN_9081409;ERROR;1;3.0;UNKNOWN;Credit Card;In-store;2023-06-16
TXN_6850528;Cookie;3;1.0;3.0;Cash;In-store;2023-10-13
TXN_6900182;Smoothie;3;4.0;UNKNOWN;Cash;In-store;2023-09-10
TXN_2643748;Salad;3;5.0;15.0;Cash;;2023-11-28
TXN_4858908;Cake;2;3.0;6.0;Cash;In-store;2023-02-11
TXN_8972137;ERROR;4;3.0;12.0;Credit Card;In-store;2023-05-15
TXN_2828785;Smoothie;1;4.0;4.0;;In-store;2023-01-24
TXN_3489721;Coffee;3;2.0;UNKNOWN;Cash;;2023-09-27
TXN_4791031;Coffee;UNKNOWN;2.0;10.0;Cash;;UNKNOWN
TXN_5223702;Smoothie;4;4.0;16.0;Credit Card;;2023-06-23
TXN_2788676;Cookie;2;1.0;2.0;Digital Wallet;;2023-11-05
TXN_1643447;;1;3.0;3.0;ERROR;;2023-09-03
TXN_5172164;Tea;3;1.5;4.5;Digital Wallet;In-store;2023-09-13
TXN_2818867;Salad;3;5.0;15.0;Cash;;2023-01-11
TXN_1303984;Salad;4;5.0;20.0;Digital Wallet;;2023-07-24
TXN_3373078;Smoothie;4;4.0;16.0;Digital Wallet;In-store;2023-12-01
TXN_3982146;Coffee;3;2.0;6.0;;In-store;2023-07-09
TXN_1185156;Smoothie;4;4.0;16.0;;Takeaway;2023-03-23
TXN_6720290;Smoothie;1;4.0;4.0;;In-store;2023-01-25
TXN_9365447;;2;1.5;3.0;Cash;;2023-12-10
TXN_7701878;Smoothie;4;4.0;16.0;Credit Card;In-store;2023-08-11
TXN_7677817;;UNKNOWN;2.0;2.0;Credit Card;;2023-01-17
TXN_9983530;Smoothie;3;4.0;12.0;;;2023-01-04
TXN_4755934;Tea;2;1.5;3.0;Cash;;2023-12-29
TXN_2931198;Cake;2;3.0;6.0;Credit Card;In-store;2023-04-21
TXN_7426387;Smoothie;5;4.0;20.0;Cash;;2023-10-30
TXN_3182547;Juice;;3.0;9.0;Digital Wallet;Takeaway;2023-07-28
TXN_6980463;Salad;1;5.0;5.0;Digital Wallet;In-store;2023-09-03
TXN_6708165;Juice;5;3.0;15.0;ERROR;In-store;2023-10-19
TXN_4310629;Cake;3;3.0;9.0;Credit Card;Takeaway;2023-10-02
TXN_4650611;Coffee;1;2.0;2.0;Credit Card;;2023-10-14
TXN_7952232;Tea;4;1.5;6.0;Cash;;2023-03-31
TXN_1593691;Sandwich;2;4.0;8.0;;;2023-03-11
TXN_9432007;Cookie;4;1.0;4.0;;;ERROR
TXN_3781198;Cake;3;3.0;9.0;Digital Wallet;In-store;2023-11-04
TXN_3585464;Cookie;3;1.0;3.0;;Takeaway;2023-09-12
TXN_8286164;Smoothie;1;4.0;UNKNOWN;;In-store;2023-03-08
TXN_8851113;Tea;3;1.5;4.5;Digital Wallet;;2023-12-23
TXN_9131136;Juice;2;3.0;6.0;Credit Card;UNKNOWN;2023-03-20
TXN_8872160;Salad;5;5.0;25.0;Digital Wallet;;UNKNOWN
TXN_1449065;Salad;2;5.0;10.0;Cash;;2023-10-03
TXN_1230311;Juice;3;3.0;9.0;Digital Wallet;UNKNOWN;2023-08-14
TXN_2325484;Salad;1;UNKNOWN;5.0;Digital Wallet;Takeaway;2023-08-16
TXN_2647425;Juice;4;3.0;12.0;Credit Card;ERROR;2023-07-30
TXN_5525916;Coffee;2;2.0;4.0;Cash;Takeaway;2023-03-02
TXN_4297979;Coffee;1;2.0;2.0;Digital Wallet;In-store;2023-08-14
TXN_1686323;Smoothie;4;4.0;16.0;Digital Wallet;In-store;2023-11-30
TXN_5373154;Cake;3;3.0;9.0;Digital Wallet;;2023-04-06
TXN_6225571;Smoothie;2;4.0;8.0;Credit Card;Takeaway;2023-09-13
TXN_9772556;Coffee;5;2.0;10.0;;;2023-10-20
TXN_3033598;Sandwich;5;4.0;ERROR;Cash;Takeaway;2023-03-12
TXN_4382956;UNKNOWN;4;1.5;6.0;Credit Card;;2023-11-16
TXN_8117583;Salad;1;5.0;5.0;Cash;In-store;2023-02-25
TXN_1101527;Smoothie;UNKNOWN;4.0;20.0;Digital Wallet;;2023-04-20
TXN_2118759;Coffee;2;2.0;4.0;Digital Wallet;;2023-08-07
TXN_7603948;Cake;3;3.0;9.0;Credit Card;;2023-01-28
TXN_5519424;Tea;2;1.5;3.0;Digital Wallet;;2023-09-23
TXN_3483911;Salad;1;5.0;5.0;Digital Wallet;Takeaway;2023-07-10
TXN_5447967;Smoothie;2;ERROR;8.0;Credit Card;;2023-06-06
TXN_2893987;Cake;4;;12.0;;Takeaway;2023-05-31
TXN_5120215;Coffee;2;2.0;4.0;Digital Wallet;;2023-10-29
TXN_4417257;Salad;5;5.0;25.0;Digital Wallet;Takeaway;2023-05-06
TXN_2871592;Cookie;4;1.0;4.0;Cash;In-store;2023-08-07
TXN_8283199;Juice;3;3.0;9.0;Digital Wallet;Takeaway;2023-01-23
TXN_1571874;Cake;1;3.0;3.0;Digital Wallet;ERROR;2023-07-10
TXN_8059782;Cake;5;3.0;15.0;;Takeaway;ERROR
TXN_6534833;Salad;4;5.0;UNKNOWN;Digital Wallet;In-store;2023-12-14
TXN_6027500;Smoothie;4;4.0;16.0;;;2023-09-22
TXN_7029944;Cookie;2;1.0;2.0;Cash;Takeaway;2023-04-17
TXN_3075169;Sandwich;UNKNOWN;4.0;8.0;Credit Card;In-store;2023-06-25
TXN_9791421;Sandwich;1;4.0;4.0;Cash;Takeaway;2023-07-15
TXN_6359031;Coffee;1;2.0;2.0;;;2023-02-28
TXN_8236432;Salad;1;5.0;5.0;;;2023-12-04
TXN_7359566;Coffee;1;2.0;2.0;Cash;In-store;2023-04-06
TXN_4813580;Sandwich;3;4.0;12.0;Digital Wallet;Takeaway;2023-04-15
TXN_9940829;Smoothie;3;4.0;12.0;;In-store;2023-04-04
TXN_4583957;Cookie;2;1.0;2.0;Credit Card;Takeaway;2023-10-08
TXN_8187222;Coffee;4;2.0;8.0;Credit Card;;2023-03-08
TXN_1298084;UNKNOWN;2;1.5;3.0;Credit Card;Takeaway;2023-01-02
TXN_4403699;;1;1.0;1.0;Credit Card;;2023-08-19
TXN_5639908;Tea;ERROR;1.5;4.5;;In-store;
TXN_9005782;Tea;4;1.5;ERROR;;In-store;2023-06-18
TXN_5083311;Sandwich;4;4.0;16.0;Digital Wallet;;2023-04-30
TXN_4325098;ERROR;5;3.0;15.0;;Takeaway;UNKNOWN
TXN_8847610;Juice;3;3.0;9.0;Digital Wallet;Takeaway;2023-12-06
TXN_9817102;Coffee;3;2.0;6.0;Credit Card;In-store;2023-02-22
TXN_5566774;Tea;3;1.5;4.5;UNKNOWN;In-store;2023-03-29
TXN_5555790;Tea;5;ERROR;7.5;Credit Card;In-store;2023-02-19
TXN_3575713;;;1.5;1.5;Cash;Takeaway;2023-02-18
TXN_5811955;Salad;2;5.0;10.0;Credit Card;Takeaway;2023-06-29
TXN_3737378;Smoothie;1;4.0;4.0;Cash;;ERROR
TXN_5406762;Salad;4;5.0;20.0;Credit Card;ERROR;2023-09-12
TXN_3039985;Cookie;5;1.0;5.0;Digital Wallet;In-store;2023-04-08
TXN_1424056;Smoothie;1;4.0;4.0;Cash;;2023-07-31
TXN_1193221;Tea;3;1.5;4.5;Credit Card;In-store;2023-10-21
TXN_8610501;Sandwich;5;4.0;20.0;Cash;UNKNOWN;2023-09-29
TXN_9587445;Coffee;4;2.0;8.0;;In-store;2023-08-24
TXN_3694901;Cookie;2;1.0;2.0;UNKNOWN;In-store;2023-08-16
TXN_5749454;Juice;UNKNOWN;3.0;12.0;Digital Wallet;Takeaway;2023-12-04
TXN_8356048;;5;4.0;20.0;Cash;Takeaway;2023-06-05
TXN_3480278;Smoothie;4;;16.0;Digital Wallet;In-store;2023-12-26
TXN_9252414;Tea;1;;1.5;;In-store;2023-11-13
TXN_3010103;ERROR;5;4.0;20.0;;;2023-02-14
TXN_6699408;Cookie;5;1.0;5.0;Cash;Takeaway;2023-12-22
TXN_6400351;Juice;2;3.0;6.0;Digital Wallet;Takeaway;2023-08-11
TXN_1559512;Juice;5;;15.0;Credit Card;;2023-11-28
TXN_6091543;Coffee;3;2.0;UNKNOWN;;In-store;2023-07-04
TXN_2842641;Cake;1;3.0;3.0;;In-store;2023-06-11
TXN_8875043;Salad;4;5.0;20.0;Digital Wallet;;2023-02-21
TXN_8212783;Salad;3;ERROR;15.0;Credit Card;In-store;2023-03-30
TXN_2653400;Smoothie;1;4.0;;Cash;;ERROR
TXN_7343062;Sandwich;5;4.0;20.0;Digital Wallet;In-store;2023-08-11
TXN_2535099;Sandwich;5;4.0;20.0;Credit Card;In-store;2023-02-10
TXN_2951148;Sandwich;4;4.0;16.0;Cash;In-store;2023-02-21
TXN_1294101;Tea;5;1.5;7.5;Digital Wallet;Takeaway;2023-03-31
TXN_5579227;Smoothie;UNKNOWN;4.0;16.0;Digital Wallet;;2023-06-22
TXN_8534360;Juice;5;3.0;15.0;ERROR;;2023-02-15
TXN_4336247;Coffee;5;2.0;10.0;Digital Wallet;Takeaway;2023-03-03
TXN_7101384;Coffee;1;;2.0;;UNKNOWN;2023-04-23
TXN_1356599;Cookie;2;1.0;2.0;Cash;Takeaway;2023-12-14
TXN_4568452;Cookie;3;1.0;3.0;Digital Wallet;In-store;2023-01-14
TXN_5036856;Coffee;5;2.0;10.0;Cash;In-store;2023-03-27
TXN_6927392;Salad;3;5.0;15.0;Digital Wallet;In-store;ERROR
TXN_5167925;Juice;1;3.0;3.0;;;2023-09-11
TXN_1345440;Salad;5;5.0;25.0;Cash;;2023-06-20
TXN_8043218;Salad;2;5.0;10.0;Cash;In-store;2023-10-23
TXN_4026277;Tea;3;1.5;4.5;Digital Wallet;In-store;2023-08-27
TXN_4991731;Tea;;1.5;1.5;Digital Wallet;Takeaway;2023-11-07
TXN_6196052;Smoothie;5;4.0;UNKNOWN;Cash;Takeaway;2023-04-07
TXN_9563024;Cookie;3;ERROR;3.0;Digital Wallet;In-store;2023-09-27
TXN_8326905;Coffee;5;2.0;10.0;;Takeaway;2023-03-10
TXN_3474333;;3;3.0;9.0;Credit Card;Takeaway;2023-01-13
TXN_9918597;Smoothie;4;4.0;16.0;Digital Wallet;In-store;2023-10-17
TXN_3460926;Juice;3;3.0;9.0;Digital Wallet;Takeaway;2023-03-25
TXN_2671272;Smoothie;1;4.0;4.0;Digital Wallet;;2023-02-13
TXN_8437157;Smoothie;4;4.0;16.0;Credit Card;;2023-02-09
TXN_3401287;UNKNOWN;3;4.0;12.0;Cash;;2023-02-12
TXN_7309365;Cake;2;3.0;6.0;Cash;;2023-08-31
TXN_2175096;UNKNOWN;1;1.5;1.5;;In-store;2023-02-25
TXN_8872997;Sandwich;4;4.0;16.0;Credit Card;In-store;2023-01-31
TXN_8425085;Juice;1;3.0;3.0;Credit Card;;2023-12-23
TXN_3237919;Sandwich;1;4.0;4.0;;;2023-02-04
TXN_4713643;Coffee;5;ERROR;10.0;;;2023-08-10
TXN_4806003;Cookie;5;1.0;5.0;Credit Card;;2023-08-06
TXN_9089797;Coffee;1;2.0;2.0;Credit Card;Takeaway;2023-09-19
TXN_5449092;Juice;4;3.0;12.0;;;2023-06-11
TXN_6097144;Juice;5;3.0;15.0;;Takeaway;2023-01-27
TXN_6483589;Juice;3;3.0;9.0;Digital Wallet;;2023-10-13
TXN_8516055;UNKNOWN;5;4.0;20.0;Credit Card;Takeaway;2023-04-17
TXN_5430694;Salad;UNKNOWN;5.0;25.0;;;2023-08-24
TXN_3024493;Smoothie;1;4.0;4.0;Credit Card;In-store;
TXN_2078232;Tea;1;1.5;1.5;UNKNOWN;;2023-06-11
TXN_7551689;Cookie;5;1.0;5.0;Cash;;2023-09-16
TXN_8408103;Sandwich;5;4.0;UNKNOWN;UNKNOWN;Takeaway;2023-06-01
TXN_5862795;Salad;2;ERROR;10.0;Digital Wallet;;2023-02-25
TXN_9348801;Cake;1;3.0;3.0;;;2023-11-29
TXN_8688565;Smoothie;5;4.0;20.0;Digital Wallet;ERROR;2023-05-23
TXN_3067195;Salad;3;5.0;15.0;Cash;;2023-12-03
TXN_2710603;Smoothie;5;4.0;20.0;;Takeaway;2023-02-02
TXN_8978004;Coffee;2;2.0;4.0;Digital Wallet;In-store;2023-04-01
TXN_9679889;Sandwich;3;4.0;12.0;Credit Card;In-store;2023-06-18
TXN_9818163;Tea;2;UNKNOWN;3.0;Digital Wallet;ERROR;2023-10-23
TXN_7010020;Cake;5;UNKNOWN;15.0;;In-store;2023-08-07
TXN_1712662;Juice;2;3.0;6.0;Cash;UNKNOWN;2023-05-31
TXN_4077799;Cake;4;3.0;12.0;Digital Wallet;Takeaway;2023-08-12
TXN_8225571;Tea;4;;6.0;Digital Wallet;;2023-01-17
TXN_3103520;Cake;3;3.0;9.0;;;2023-09-04
TXN_2084080;Cookie;4;1.0;4.0;Digital Wallet;Takeaway;2023-09-22
TXN_2740398;Cookie;4;1.0;4.0;Digital Wallet;In-store;ERROR
TXN_8046057;Coffee;1;2.0;2.0;Credit Card;In-store;2023-11-24
TXN_5832968;Salad;5;5.0;25.0;ERROR;Takeaway;2023-06-05
TXN_6995665;Tea;2;1.5;3.0;UNKNOWN;;ERROR
TXN_3752448;Cake;5;3.0;15.0;Digital Wallet;Takeaway;2023-05-16
TXN_3842881;Salad;5;5.0;25.0;;UNKNOWN;2023-01-25
TXN_4060160;Coffee;4;2.0;8.0;;In-store;2023-07-05
TXN_3847405;Sandwich;1;4.0;4.0;Digital Wallet;Takeaway;2023-06-15
TXN_5103644;Cake;4;3.0;12.0;Credit Card;Takeaway;2023-04-17
TXN_6846020;Juice;5;ERROR;15.0;ERROR;Takeaway;2023-05-03
TXN_7763764;Cookie;2;1.0;2.0;ERROR;In-store;ERROR
TXN_4758849;Cake;2;3.0;6.0;;;2023-06-23
TXN_1034651;Sandwich;3;4.0;12.0;;Takeaway;2023-07-06
TXN_4128921;Salad;4;5.0;20.0;;Takeaway;2023-09-11
TXN_8925566;Tea;2;1.5;3.0;Digital Wallet;In-store;2023-08-07
TXN_1679800;Smoothie;4;4.0;16.0;Cash;In-store;2023-10-17
TXN_3785678;Tea;1;1.5;1.5;Credit Card;Takeaway;2023-03-13
TXN_1056256;Cake;4;3.0;12.0;UNKNOWN;In-store;2023-12-04
TXN_8712303;ERROR;2;3.0;6.0;Credit Card;Takeaway;2023-08-14
TXN_2289122;Smoothie;4;4.0;16.0;Cash;In-store;2023-08-20
TXN_2988434;Juice;1;3.0;3.0;Digital Wallet;In-store;2023-12-09
TXN_1197536;Salad;3;5.0;15.0;;Takeaway;2023-10-02
TXN_7327362;Coffee;5;2.0;10.0;Credit Card;In-store;2023-06-29
TXN_5628251;Cake;4;3.0;12.0;Credit Card;;2023-11-14
TXN_2687748;Juice;3;3.0;9.0;;Takeaway;2023-02-26
TXN_8309656;Sandwich;3;4.0;12.0;;Takeaway;2023-01-04
TXN_7597276;Smoothie;4;4.0;16.0;Digital Wallet;;2023-05-01
TXN_4360906;Sandwich;2;4.0;8.0;;In-store;2023-06-11
TXN_6000890;Coffee;3;2.0;6.0;Digital Wallet;In-store;2023-01-06
TXN_8917565;Coffee;1;2.0;2.0;Cash;ERROR;2023-11-19
TXN_6264113;Coffee;4;2.0;8.0;;;2023-12-02
TXN_3603434;Coffee;5;2.0;10.0;;In-store;2023-01-05
TXN_7976129;Cake;3;3.0;9.0;;In-store;2023-03-03
TXN_7420434;Coffee;4;2.0;8.0;Credit Card;Takeaway;2023-07-16
TXN_5818852;Juice;2;3.0;6.0;;;2023-03-04
TXN_9976598;Juice;4;3.0;12.0;;Takeaway;2023-01-10
TXN_1556046;Sandwich;4;4.0;16.0;Credit Card;Takeaway;2023-04-09
TXN_7129511;Coffee;5;2.0;10.0;Cash;Takeaway;2023-10-29
TXN_6324434;Coffee;4;2.0;8.0;Cash;Takeaway;2023-12-04
TXN_2380352;Tea;3;1.5;4.5;Digital Wallet;;2023-11-03
TXN_6455325;Juice;4;3.0;12.0;Credit Card;In-store;2023-01-05
TXN_6682253;Tea;5;1.5;7.5;Cash;In-store;2023-02-17
TXN_8220657;ERROR;2;1.5;;Cash;;2023-08-13
TXN_7819240;Smoothie;5;4.0;20.0;Cash;In-store;2023-03-06
TXN_4451380;Cookie;3;1.0;3.0;Digital Wallet;In-store;2023-07-10
TXN_2482298;Salad;2;5.0;10.0;;Takeaway;2023-06-15
TXN_2606750;Tea;3;1.5;4.5;Cash;ERROR;2023-06-20
TXN_4493874;Cookie;5;1.0;UNKNOWN;;In-store;2023-11-19
TXN_2705302;Salad;2;5.0;10.0;Credit Card;;2023-01-18
TXN_3706167;Sandwich;5;4.0;20.0;Digital Wallet;Takeaway;2023-10-02
TXN_7414587;Tea;3;1.5;4.5;Cash;Takeaway;2023-03-22
TXN_3360649;Cookie;2;1.0;2.0;;Takeaway;2023-09-10
TXN_6132245;Salad;2;5.0;10.0;Digital Wallet;;2023-06-01
TXN_2633322;Salad;4;ERROR;20.0;Digital Wallet;;2023-01-15
TXN_9910333;Cake;2;3.0;6.0;;In-store;2023-09-15
TXN_7321479;Cake;1;3.0;3.0;;ERROR;2023-10-31
TXN_4315166;Sandwich;2;4.0;8.0;Digital Wallet;Takeaway;2023-06-10
TXN_7843112;Cookie;4;1.0;4.0;;UNKNOWN;2023-01-25
TXN_2879791;Sandwich;1;4.0;4.0;;;2023-07-10
TXN_2503128;Cake;1;3.0;3.0;Cash;In-store;2023-01-12
TXN_3091574;Cookie;5;1.0;5.0;ERROR;In-store;2023-07-29
TXN_2371763;Sandwich;4;4.0;16.0;Cash;;2023-05-17
TXN_5726114;Smoothie;3;4.0;12.0;Digital Wallet;Takeaway;2023-07-14
TXN_1079844;Salad;2;5.0;10.0;Digital Wallet;;2023-10-27
TXN_8726097;Tea;1;1.5;1.5;Digital Wallet;Takeaway;ERROR
TXN_1633337;Salad;5;5.0;25.0;Credit Card;;2023-06-29
TXN_5222176;Cookie;4;1.0;4.0;;In-store;2023-01-11
TXN_7480940;Coffee;2;2.0;4.0;Cash;In-store;2023-01-25
TXN_2437508;Salad;2;5.0;10.0;;Takeaway;2023-11-20
TXN_7445500;Salad;4;5.0;20.0;Cash;In-store;
TXN_5036614;Smoothie;4;4.0;16.0;Digital Wallet;In-store;2023-10-10
TXN_9731164;Salad;1;5.0;5.0;Cash;;2023-12-07
TXN_1417291;Juice;4;3.0;12.0;Digital Wallet;In-store;2023-05-11
TXN_9792093;Sandwich;1;4.0;4.0;;In-store;2023-09-28
TXN_9989239;Tea;5;1.5;;;In-store;2023-04-28
TXN_6055570;Tea;3;1.5;4.5;Cash;;2023-02-06
TXN_1231531;Coffee;5;2.0;10.0;Digital Wallet;In-store;2023-07-24
TXN_8843108;Juice;5;3.0;15.0;;;2023-07-18
TXN_4643305;Cookie;4;1.0;4.0;;Takeaway;2023-04-12
TXN_8754977;Sandwich;3;4.0;12.0;Digital Wallet;In-store;2023-10-24
TXN_2052060;Sandwich;3;4.0;12.0;Cash;Takeaway;2023-11-07
TXN_1275124;Coffee;3;2.0;6.0;;UNKNOWN;2023-06-21
TXN_3534536;Coffee;1;2.0;2.0;Credit Card;;2023-02-02
TXN_1779679;Coffee;5;;10.0;;In-store;2023-01-06
TXN_4583908;Sandwich;ERROR;4.0;4.0;Digital Wallet;;2023-06-04
TXN_6379692;Cookie;5;;5.0;Digital Wallet;Takeaway;2023-11-05
TXN_3999862;Tea;4;1.5;6.0;;In-store;2023-07-11
TXN_7694326;Coffee;5;2.0;;;;2023-02-19
TXN_1171080;Sandwich;3;4.0;12.0;Credit Card;;2023-07-29
TXN_5658895;Juice;UNKNOWN;3.0;6.0;Cash;UNKNOWN;2023-09-21
TXN_7704680;;2;5.0;10.0;Credit Card;;2023-08-06
TXN_6395070;Smoothie;4;4.0;16.0;Credit Card;;2023-12-10
TXN_9576454;Juice;1;3.0;3.0;Credit Card;In-store;2023-09-23
TXN_7907259;Cake;1;3.0;3.0;Digital Wallet;Takeaway;2023-10-19
TXN_4487345;Sandwich;3;4.0;12.0;;In-store;2023-05-10
TXN_5929341;Juice;2;3.0;6.0;;Takeaway;2023-05-12
TXN_6021173;Juice;5;3.0;15.0;Cash;Takeaway;2023-12-16
TXN_6272473;Coffee;4;2.0;8.0;Cash;Takeaway;2023-03-06
TXN_5243032;Cookie;1;1.0;1.0;Cash;Takeaway;2023-08-24
TXN_5863411;Cookie;3;1.0;UNKNOWN;Digital Wallet;In-store;2023-09-21
TXN_4087571;Cookie;2;1.0;2.0;;;2023-11-24
TXN_7680197;Cookie;5;1.0;5.0;Cash;Takeaway;2023-09-23
TXN_8773639;Coffee;3;2.0;6.0;Digital Wallet;Takeaway;2023-02-20
TXN_5960979;Coffee;5;2.0;10.0;Digital Wallet;In-store;2023-05-03
TXN_7894534;Tea;3;1.5;4.5;Credit Card;In-store;2023-03-16
TXN_4890770;Coffee;4;2.0;8.0;;Takeaway;2023-10-12
TXN_6079741;Cookie;UNKNOWN;1.0;4.0;;Takeaway;2023-01-02
TXN_4612930;Juice;2;3.0;6.0;;;2023-08-13
TXN_1124311;Cookie;1;1.0;1.0;Cash;;2023-05-05
TXN_6380636;Coffee;5;2.0;10.0;;ERROR;2023-01-10
TXN_5720183;Cookie;5;1.0;5.0;Credit Card;Takeaway;2023-05-30
TXN_6382322;Tea;3;1.5;4.5;Digital Wallet;In-store;2023-12-14
TXN_8119542;;2;1.0;2.0;Digital Wallet;;2023-12-12
TXN_1674042;Coffee;5;2.0;10.0;Digital Wallet;;2023-09-19
TXN_8398809;Tea;2;1.5;3.0;UNKNOWN;Takeaway;2023-11-25
TXN_7728415;Tea;5;1.5;7.5;Credit Card;In-store;2023-12-28
TXN_5285171;Sandwich;5;4.0;20.0;Cash;Takeaway;2023-12-11
TXN_2527007;Smoothie;1;4.0;4.0;Digital Wallet;;2023-10-22
TXN_8331542;Salad;4;5.0;20.0;;In-store;2023-12-23
TXN_2999220;Smoothie;4;4.0;16.0;Digital Wallet;Takeaway;2023-02-23
TXN_5108188;Cake;2;3.0;6.0;;;2023-08-25
TXN_6680963;Sandwich;2;4.0;8.0;Credit Card;Takeaway;2023-08-01
TXN_2308317;Coffee;2;2.0;4.0;Digital Wallet;Takeaway;2023-11-13
TXN_8811902;Tea;5;1.5;7.5;Credit Card;;2023-08-07
TXN_7349134;UNKNOWN;1;4.0;4.0;Credit Card;In-store;2023-05-28
TXN_1467546;Cookie;3;1.0;3.0;;Takeaway;2023-07-20
TXN_2276722;Salad;2;5.0;10.0;Cash;Takeaway;2023-12-21
TXN_2519044;Salad;5;5.0;25.0;Digital Wallet;Takeaway;2023-05-20
TXN_2851147;Salad;2;5.0;10.0;Digital Wallet;In-store;2023-06-24
TXN_3349404;Coffee;3;2.0;6.0;Digital Wallet;UNKNOWN;2023-01-31
TXN_7939011;Juice;5;3.0;15.0;UNKNOWN;In-store;2023-04-07
TXN_3877580;Salad;2;5.0;10.0;Digital Wallet;ERROR;2023-05-30
TXN_5220523;Juice;3;3.0;9.0;Cash;Takeaway;2023-01-30
TXN_5934526;Coffee;5;2.0;10.0;Credit Card;In-store;2023-05-27
TXN_8935939;Tea;3;1.5;4.5;Digital Wallet;Takeaway;2023-03-27
TXN_3586935;Salad;5;5.0;25.0;Cash;;2023-05-21
TXN_1781777;Salad;3;5.0;15.0;Credit Card;Takeaway;2023-10-26
TXN_6461461;Juice;1;3.0;3.0;;In-store;UNKNOWN
TXN_1707251;Sandwich;2;4.0;8.0;Digital Wallet;Takeaway;2023-10-06
TXN_4493878;Coffee;5;;10.0;Credit Card;In-store;2023-03-11
TXN_2446874;Juice;4;3.0;12.0;Credit Card;;2023-07-22
TXN_5747859;Cake;1;3.0;3.0;Credit Card;Takeaway;2023-03-13
TXN_8172333;Cookie;4;1.0;4.0;Credit Card;;2023-12-25
TXN_8600523;Tea;3;1.5;4.5;;;2023-12-29
TXN_7471753;Smoothie;ERROR;4.0;20.0;Cash;In-store;2023-03-13
TXN_3884527;Sandwich;1;4.0;4.0;Digital Wallet;In-store;2023-06-06
TXN_9072517;Smoothie;2;4.0;8.0;Credit Card;Takeaway;2023-01-09
TXN_4378200;Tea;5;1.5;7.5;Credit Card;In-store;2023-09-04
TXN_3918998;Coffee;5;2.0;10.0;Digital Wallet;Takeaway;2023-12-18
TXN_7674694;Tea;2;1.5;3.0;;;2023-03-30
TXN_3875049;Tea;2;1.5;3.0;Digital Wallet;Takeaway;2023-09-15
TXN_5400266;Tea;3;1.5;4.5;Digital Wallet;Takeaway;2023-06-14
TXN_2402978;Cookie;3;1.0;3.0;Credit Card;In-store;2023-01-21
TXN_6188306;Salad;1;5.0;5.0;;Takeaway;2023-10-26
TXN_1148874;Cookie;1;1.0;1.0;Credit Card;In-store;2023-09-18
TXN_1888708;Sandwich;4;4.0;;Cash;;2023-08-17
TXN_8842592;Cookie;5;1.0;5.0;ERROR;;2023-07-10
TXN_2761204;Cake;3;3.0;9.0;Cash;;2023-07-14
TXN_9038745;Smoothie;3;4.0;12.0;ERROR;Takeaway;2023-06-25
TXN_1374424;Sandwich;5;4.0;20.0;;;2023-04-24
TXN_7205840;Salad;3;5.0;15.0;;;2023-03-05
TXN_7714378;Smoothie;2;4.0;ERROR;Cash;;2023-08-10
TXN_7732813;Tea;ERROR;1.5;3.0;Credit Card;Takeaway;2023-07-16
TXN_6718205;Smoothie;2;4.0;8.0;Digital Wallet;Takeaway;2023-06-30
TXN_8878429;Cake;5;3.0;15.0;Digital Wallet;In-store;
TXN_6899576;Salad;2;5.0;10.0;Digital Wallet;Takeaway;2023-10-26
TXN_2761003;Smoothie;2;4.0;UNKNOWN;ERROR;In-store;2023-11-08
TXN_6929413;Tea;1;1.5;1.5;Digital Wallet;;2023-10-13
TXN_2350703;UNKNOWN;4;3.0;12.0;Cash;In-store;2023-08-20
TXN_1948437;Smoothie;2;4.0;8.0;;Takeaway;2023-11-03
TXN_5901887;Smoothie;4;UNKNOWN;16.0;ERROR;Takeaway;2023-08-31
TXN_1072232;Sandwich;1;4.0;4.0;Digital Wallet;In-store;2023-01-07
TXN_7469771;Cake;5;3.0;15.0;ERROR;;2023-12-09
TXN_7139053;Salad;4;5.0;20.0;Digital Wallet;Takeaway;2023-09-12
TXN_6028915;Sandwich;5;UNKNOWN;20.0;Cash;In-store;2023-12-24
TXN_3622194;Cake;1;3.0;3.0;Digital Wallet;;2023-06-26
TXN_6431215;Cake;1;3.0;3.0;;ERROR;2023-08-27
TXN_4385240;Cookie;4;1.0;4.0;Cash;Takeaway;2023-02-10
TXN_3840523;;2;4.0;8.0;Credit Card;;2023-12-27
TXN_5697778;Cake;3;3.0;9.0;Cash;;2023-03-08
TXN_1749299;Smoothie;2;4.0;8.0;UNKNOWN;;2023-10-28
TXN_6806024;Juice;;3.0;6.0;Credit Card;In-store;2023-04-14
TXN_8352365;Coffee;5;2.0;10.0;;Takeaway;2023-08-10
TXN_7143535;Cookie;2;1.0;2.0;;;2023-05-21
TXN_5090839;Sandwich;5;4.0;20.0;Cash;;2023-03-06
TXN_5743619;Salad;5;5.0;25.0;Digital Wallet;Takeaway;2023-11-07
TXN_8785432;Cookie;2;1.0;2.0;Cash;;2023-08-14
TXN_1086324;Cake;3;3.0;9.0;;In-store;2023-11-25
TXN_8888599;Sandwich;5;4.0;20.0;;;ERROR
TXN_6361309;Cake;5;3.0;15.0;;Takeaway;UNKNOWN
TXN_8211146;Sandwich;5;4.0;20.0;Digital Wallet;Takeaway;2023-04-30
TXN_5826333;Cookie;1;1.0;1.0;Cash;;2023-05-14
TXN_1555314;Sandwich;1;4.0;4.0;;Takeaway;2023-02-25
TXN_4611673;Smoothie;5;4.0;20.0;Digital Wallet;;2023-03-05
TXN_8839045;Cake;2;3.0;6.0;;In-store;2023-06-13
TXN_5183249;Sandwich;1;4.0;4.0;;In-store;2023-07-02
TXN_5104848;Tea;2;1.5;3.0;;Takeaway;2023-01-22
TXN_9943917;Sandwich;3;4.0;12.0;Credit Card;In-store;2023-01-16
TXN_2490461;Salad;4;5.0;20.0;;;2023-09-22
TXN_5852244;Cake;2;3.0;6.0;Credit Card;Takeaway;2023-10-15
TXN_9874775;Tea;1;1.5;1.5;Cash;;2023-09-02
TXN_2586215;Juice;2;3.0;6.0;Digital Wallet;;2023-03-23
TXN_7704229;Coffee;UNKNOWN;2.0;8.0;Cash;;2023-07-15
TXN_5444860;Tea;2;1.5;3.0;Digital Wallet;;2023-04-28
TXN_9391494;Coffee;1;2.0;2.0;;;2023-12-17
TXN_3557583;Smoothie;5;4.0;20.0;Credit Card;ERROR;2023-07-26
TXN_8739878;UNKNOWN;1;3.0;3.0;;;2023-09-27
TXN_5386352;ERROR;1;4.0;4.0;Credit Card;;2023-01-18
TXN_8321887;UNKNOWN;5;1.0;5.0;;;2023-03-21
TXN_3995266;Sandwich;1;4.0;4.0;Credit Card;In-store;2023-04-21
TXN_7326974;Cake;4;3.0;12.0;Credit Card;;2023-12-31
TXN_7277750;Cake;2;3.0;6.0;;;2023-09-29
TXN_8075323;Sandwich;1;4.0;4.0;Digital Wallet;;2023-04-18
TXN_4831345;Sandwich;5;4.0;20.0;;In-store;2023-05-10
TXN_6301984;Juice;5;3.0;15.0;;Takeaway;
TXN_1456374;Cookie;5;1.0;5.0;Cash;;2023-02-15
TXN_3263746;Coffee;1;2.0;2.0;Cash;Takeaway;2023-11-14
TXN_2268203;Salad;3;5.0;15.0;;UNKNOWN;UNKNOWN
TXN_9502077;Smoothie;3;4.0;12.0;;;2023-12-21
TXN_4994052;Coffee;4;2.0;8.0;;Takeaway;
TXN_1671480;Cookie;5;1.0;5.0;;;2023-01-06
TXN_7430227;Cake;3;3.0;9.0;Cash;In-store;2023-07-24
TXN_1516182;Cookie;1;1.0;1.0;;;2023-06-18
TXN_8807199;Salad;5;5.0;25.0;Credit Card;;2023-05-30
TXN_8700466;Coffee;4;2.0;8.0;Digital Wallet;In-store;2023-04-29
TXN_2190325;Sandwich;4;4.0;16.0;Credit Card;In-store;2023-03-10
TXN_4150495;Cookie;2;1.0;2.0;Cash;;2023-04-12
TXN_3794410;Cake;4;3.0;12.0;Credit Card;;2023-12-06
TXN_5677869;Juice;5;3.0;15.0;Cash;In-store;2023-11-19
TXN_3436462;Salad;2;5.0;10.0;Credit Card;In-store;2023-06-29
TXN_7493740;Cake;1;3.0;3.0;;ERROR;2023-05-18
TXN_7388752;Salad;1;5.0;5.0;Credit Card;Takeaway;2023-08-28
TXN_9448209;Sandwich;3;4.0;12.0;Cash;In-store;UNKNOWN
TXN_8655424;Cookie;2;1.0;2.0;;In-store;2023-11-26
TXN_9720012;Smoothie;5;4.0;20.0;Cash;In-store;2023-09-25
TXN_6609572;ERROR;4;4.0;16.0;Cash;In-store;2023-06-15
TXN_9390188;Tea;1;1.5;1.5;;Takeaway;2023-06-20
TXN_1952465;Cake;2;3.0;6.0;;Takeaway;2023-06-11
TXN_7605154;Juice;5;3.0;15.0;Cash;In-store;2023-09-09
TXN_2684400;Coffee;3;2.0;6.0;UNKNOWN;In-store;2023-03-30
TXN_4702378;Cake;2;3.0;6.0;Cash;UNKNOWN;2023-08-28
TXN_6312755;Sandwich;2;4.0;8.0;Credit Card;;2023-02-11
TXN_7584025;Tea;4;1.5;6.0;;In-store;2023-09-18
TXN_7533540;Sandwich;5;4.0;20.0;;In-store;2023-11-01
TXN_4425164;Juice;4;3.0;12.0;;;2023-01-13
TXN_4325648;Juice;3;3.0;9.0;Digital Wallet;Takeaway;2023-05-04
TXN_7151374;Tea;4;1.5;6.0;Credit Card;In-store;2023-07-30
TXN_6413250;Salad;ERROR;5.0;20.0;Cash;UNKNOWN;2023-12-02
TXN_6496506;Juice;1;3.0;3.0;Digital Wallet;In-store;2023-01-11
TXN_2695546;Tea;UNKNOWN;1.5;1.5;Credit Card;Takeaway;2023-08-26
TXN_4823513;Cookie;5;1.0;UNKNOWN;Cash;Takeaway;2023-07-02
TXN_8960347;Smoothie;UNKNOWN;4.0;12.0;Cash;In-store;
TXN_3222677;Sandwich;1;4.0;4.0;Digital Wallet;Takeaway;2023-12-16
TXN_9942517;Coffee;4;2.0;8.0;Digital Wallet;In-store;2023-04-29
TXN_8735418;Coffee;5;2.0;10.0;Digital Wallet;Takeaway;2023-03-03
TXN_7799794;;4;1.0;4.0;Digital Wallet;In-store;2023-08-22
TXN_6347670;Tea;2;1.5;3.0;Digital Wallet;In-store;2023-06-24
TXN_9180345;Sandwich;4;UNKNOWN;16.0;Digital Wallet;;2023-06-13
TXN_9632482;Cake;2;3.0;6.0;Credit Card;;2023-08-27
TXN_4642770;Tea;4;1.5;6.0;;;2023-09-22
TXN_5356324;Smoothie;1;4.0;4.0;ERROR;;2023-02-26
TXN_5148730;Cake;1;3.0;3.0;Cash;UNKNOWN;2023-12-12
TXN_8848847;Cookie;3;1.0;3.0;Cash;Takeaway;2023-08-15
TXN_3686848;Tea;3;1.5;4.5;;;2023-04-06
TXN_2328896;Smoothie;4;4.0;16.0;Cash;;2023-10-20
TXN_6361856;Cookie;5;1.0;5.0;UNKNOWN;;2023-05-11
TXN_5942011;Tea;1;1.5;1.5;Cash;;2023-10-08
TXN_7137364;Salad;5;5.0;25.0;Cash;UNKNOWN;2023-08-09
TXN_9904042;UNKNOWN;4;4.0;16.0;Credit Card;;2023-06-09
TXN_1510406;;3;5.0;15.0;;In-store;2023-01-12
TXN_8176812;Sandwich;5;4.0;20.0;Digital Wallet;;2023-06-21
TXN_1360872;Coffee;2;UNKNOWN;4.0;Credit Card;In-store;2023-11-04
TXN_4413776;Coffee;5;2.0;10.0;Cash;Takeaway;2023-07-21
TXN_1811953;Cookie;2;1.0;2.0;UNKNOWN;;2023-06-26
TXN_9382596;Smoothie;5;4.0;20.0;Credit Card;Takeaway;2023-11-18
TXN_9480564;Cookie;4;1.0;4.0;Cash;In-store;2023-06-12
TXN_1094479;Cake;3;3.0;9.0;UNKNOWN;In-store;2023-06-08
TXN_8301190;Coffee;1;2.0;2.0;Cash;Takeaway;2023-04-01
TXN_7653946;Smoothie;4;4.0;16.0;Cash;;2023-09-19
TXN_1348274;Cake;5;3.0;15.0;;;2023-11-14
TXN_2855149;Sandwich;2;4.0;8.0;Cash;In-store;2023-07-16
TXN_9320167;Juice;5;3.0;15.0;Credit Card;;2023-11-12
TXN_1135215;Sandwich;3;4.0;12.0;;In-store;2023-04-10
TXN_6158518;Cookie;5;1.0;5.0;Cash;ERROR;2023-09-28
TXN_5734442;Cookie;4;1.0;4.0;Credit Card;Takeaway;2023-10-01
TXN_5748083;Salad;UNKNOWN;5.0;10.0;;Takeaway;2023-04-08
TXN_1804335;Juice;;3.0;9.0;Credit Card;;2023-10-05
TXN_3644269;Cookie;5;1.0;5.0;Credit Card;Takeaway;2023-09-26
TXN_5611239;UNKNOWN;4;1.0;4.0;Cash;Takeaway;2023-11-18
TXN_4020100;Cookie;1;1.0;1.0;Cash;In-store;2023-08-09
TXN_1643870;Salad;4;5.0;20.0;Digital Wallet;Takeaway;2023-10-07
TXN_4734216;Salad;3;5.0;15.0;Digital Wallet;In-store;2023-11-30
TXN_4060538;Cake;2;3.0;6.0;Digital Wallet;Takeaway;2023-09-08
TXN_4788388;Cake;UNKNOWN;3.0;9.0;;;2023-06-29
TXN_9348280;UNKNOWN;2;4.0;8.0;Credit Card;In-store;2023-03-28
TXN_5173628;Tea;3;1.5;4.5;;Takeaway;2023-05-30
TXN_9040196;Juice;3;3.0;9.0;Cash;UNKNOWN;2023-06-28
TXN_1853983;Tea;1;1.5;1.5;Cash;In-store;2023-12-04
TXN_6154823;ERROR;5;4.0;20.0;Digital Wallet;Takeaway;2023-11-16
TXN_1936915;Salad;3;5.0;15.0;Digital Wallet;In-store;2023-01-24
TXN_8693747;Smoothie;4;;16.0;Digital Wallet;;2023-02-13
TXN_2911864;Cookie;3;1.0;3.0;Digital Wallet;Takeaway;2023-03-21
TXN_2336921;Juice;3;3.0;9.0;Digital Wallet;Takeaway;2023-05-01
TXN_3275800;Coffee;3;2.0;6.0;;Takeaway;2023-05-27
TXN_6472656;Tea;3;1.5;4.5;Cash;Takeaway;2023-11-25
TXN_3494191;Smoothie;2;4.0;8.0;Credit Card;In-store;2023-01-08
TXN_4177717;Cookie;1;1.0;1.0;;;2023-01-07
TXN_7313328;Juice;1;3.0;3.0;;Takeaway;2023-01-03
TXN_4019047;ERROR;2;2.0;4.0;;;2023-09-14
TXN_6832697;Salad;3;5.0;15.0;Credit Card;Takeaway;2023-01-21
TXN_2919225;Coffee;4;2.0;8.0;Credit Card;Takeaway;2023-02-14
TXN_4937344;Sandwich;UNKNOWN;4.0;4.0;Credit Card;In-store;2023-02-12
TXN_6444366;Coffee;1;2.0;2.0;Digital Wallet;;2023-08-19
TXN_7448158;Cake;ERROR;3.0;6.0;Digital Wallet;Takeaway;2023-09-28
TXN_7630601;Tea;1;1.5;1.5;;Takeaway;2023-08-22
TXN_7366807;Salad;UNKNOWN;5.0;15.0;;;2023-10-22
TXN_5762127;Coffee;2;2.0;4.0;;Takeaway;2023-11-10
TXN_1856153;Coffee;5;2.0;10.0;Credit Card;;2023-12-02
TXN_4908458;Tea;4;1.5;6.0;;;2023-10-06
TXN_4214066;Juice;2;3.0;6.0;;In-store;2023-07-23
TXN_8252793;Cookie;4;1.0;4.0;Digital Wallet;;2023-07-28
TXN_1313643;Cake;4;3.0;12.0;UNKNOWN;;2023-02-11
TXN_2941227;Cookie;3;1.0;3.0;Cash;In-store;2023-08-29
TXN_1206585;Tea;2;1.5;3.0;Cash;;2023-06-29
TXN_9580673;Juice;2;3.0;ERROR;ERROR;In-store;2023-06-25
TXN_9874192;Smoothie;3;4.0;12.0;;;2023-11-30
TXN_4475487;Smoothie;3;4.0;12.0;Cash;In-store;2023-06-01
TXN_8876663;Salad;UNKNOWN;5.0;10.0;Digital Wallet;Takeaway;2023-03-23
TXN_3858126;Smoothie;2;4.0;8.0;;In-store;2023-08-25
TXN_3524464;Smoothie;4;UNKNOWN;16.0;Credit Card;Takeaway;2023-08-31
TXN_6242107;Coffee;3;2.0;6.0;Cash;;2023-11-14
TXN_2352246;Smoothie;4;4.0;16.0;Credit Card;Takeaway;2023-06-20
TXN_9523335;Cookie;4;1.0;4.0;Credit Card;ERROR;2023-01-29
TXN_4475412;Sandwich;3;4.0;12.0;UNKNOWN;;2023-10-31
TXN_2656162;Coffee;1;2.0;2.0;Digital Wallet;In-store;2023-04-11
TXN_7517241;Sandwich;2;4.0;8.0;;ERROR;2023-01-18
TXN_6243134;Tea;2;1.5;3.0;Digital Wallet;;ERROR
TXN_2435218;ERROR;UNKNOWN;2.0;10.0;;In-store;2023-05-02
TXN_9022617;Coffee;1;2.0;2.0;Credit Card;In-store;2023-01-23
TXN_1031802;Cookie;4;1.0;4.0;ERROR;UNKNOWN;2023-06-27
TXN_2346296;Cake;4;3.0;12.0;Digital Wallet;;2023-10-04
TXN_8219210;Smoothie;5;4.0;20.0;Cash;;2023-01-12
TXN_4541981;Smoothie;4;ERROR;16.0;Credit Card;In-store;2023-01-14
TXN_8522571;Juice;2;3.0;6.0;Credit Card;Takeaway;2023-09-19
TXN_6752476;Tea;4;1.5;6.0;;Takeaway;2023-08-28
TXN_1894142;Sandwich;4;4.0;16.0;Cash;In-store;2023-09-13
TXN_3766378;UNKNOWN;1;3.0;3.0;Cash;Takeaway;2023-08-18
TXN_8885727;Tea;2;1.5;3.0;Cash;Takeaway;2023-10-05
TXN_1422305;Sandwich;4;4.0;16.0;;In-store;2023-03-09
TXN_4625165;Salad;3;5.0;15.0;Credit Card;;2023-03-02
TXN_1804132;Smoothie;3;4.0;12.0;;In-store;
TXN_9323215;Cookie;3;1.0;3.0;;;2023-01-27
TXN_6824743;Sandwich;2;4.0;ERROR;Digital Wallet;Takeaway;2023-11-08
TXN_9384397;Sandwich;UNKNOWN;4.0;8.0;Cash;;2023-10-31
TXN_1034067;Smoothie;3;;12.0;Digital Wallet;;2023-01-07
TXN_3265085;Cookie;5;1.0;5.0;;In-store;2023-09-05
TXN_3061498;Salad;5;5.0;25.0;;;2023-11-14
TXN_6206792;Tea;;ERROR;6.0;Credit Card;;2023-10-13
TXN_7374304;Tea;5;1.5;7.5;Digital Wallet;In-store;2023-05-10
TXN_9447946;Smoothie;2;4.0;8.0;Credit Card;In-store;2023-10-21
TXN_2102561;;2;1.0;2.0;;In-store;2023-04-05
TXN_5649995;Tea;2;1.5;3.0;;Takeaway;ERROR
TXN_8223689;Salad;5;5.0;25.0;Digital Wallet;In-store;2023-09-08
TXN_3207254;Cake;1;3.0;3.0;;Takeaway;2023-04-25
TXN_2579242;Juice;5;3.0;15.0;;In-store;2023-09-11
TXN_2187911;Coffee;3;;6.0;Credit Card;Takeaway;2023-04-20
TXN_2594056;Salad;4;5.0;20.0;Cash;;2023-03-11
TXN_6591736;Coffee;4;2.0;8.0;;Takeaway;2023-06-21
TXN_1267753;ERROR;3;1.5;4.5;Credit Card;;2023-06-28
TXN_4615235;Cake;4;3.0;12.0;Cash;;2023-01-08
TXN_4824519;Smoothie;5;4.0;20.0;;;2023-12-27
TXN_4677415;Cake;2;3.0;6.0;Digital Wallet;;2023-12-12
TXN_3548788;Salad;4;5.0;20.0;Digital Wallet;;2023-02-22
TXN_2503245;Sandwich;3;4.0;12.0;UNKNOWN;Takeaway;2023-04-15
TXN_8855046;Juice;3;ERROR;9.0;;Takeaway;2023-12-05
TXN_9287659;;1;3.0;3.0;;In-store;2023-05-13
TXN_2417402;Sandwich;3;4.0;12.0;Digital Wallet;;2023-05-09
TXN_6266017;Cookie;4;1.0;4.0;UNKNOWN;In-store;2023-09-28
TXN_4619018;Cake;5;3.0;15.0;Digital Wallet;;2023-12-19
TXN_8352748;UNKNOWN;5;4.0;20.0;Cash;In-store;2023-05-01
TXN_2221447;Cookie;1;1.0;1.0;Credit Card;In-store;2023-12-06
TXN_3564954;Smoothie;4;UNKNOWN;16.0;Cash;;2023-03-09
TXN_8464222;Cake;4;3.0;12.0;Cash;In-store;2023-08-17
TXN_6815753;Cookie;4;1.0;4.0;Digital Wallet;Takeaway;2023-10-27
TXN_6738716;Cake;;3.0;15.0;;Takeaway;2023-04-21
TXN_9477892;Cake;3;3.0;9.0;Credit Card;UNKNOWN;2023-08-21
TXN_9894270;Cookie;ERROR;1.0;4.0;Credit Card;In-store;ERROR
TXN_3136701;;2;4.0;8.0;;In-store;2023-12-18
TXN_4644671;Coffee;3;2.0;6.0;UNKNOWN;;2023-04-20
TXN_1634534;Juice;5;3.0;15.0;;;2023-12-03
TXN_7809121;Cake;4;3.0;12.0;;;2023-05-15
TXN_1350239;Smoothie;5;4.0;20.0;Cash;;2023-11-18
TXN_5145906;Tea;4;1.5;6.0;;;2023-01-30
TXN_9603912;Juice;5;3.0;15.0;UNKNOWN;;2023-12-23
TXN_1205610;;2;1.0;2.0;;In-store;2023-07-19
TXN_8969428;Salad;3;5.0;15.0;;Takeaway;2023-03-08
TXN_5269634;Cake;5;3.0;15.0;Digital Wallet;In-store;2023-04-07
TXN_3043982;Sandwich;5;4.0;20.0;Cash;In-store;2023-01-10
TXN_6310896;Sandwich;1;4.0;4.0;;In-store;2023-05-01
TXN_5496282;Smoothie;2;;8.0;;UNKNOWN;2023-03-03
TXN_3947201;Cookie;5;1.0;5.0;;Takeaway;2023-06-17
TXN_3666951;Juice;2;3.0;6.0;;In-store;2023-01-06
TXN_7254494;Coffee;5;2.0;10.0;Credit Card;Takeaway;2023-03-16
TXN_3157867;;2;5.0;10.0;;Takeaway;2023-11-02
TXN_6164035;Cookie;1;1.0;1.0;Credit Card;Takeaway;2023-03-30
TXN_6234838;Juice;5;3.0;15.0;;In-store;2023-10-30
TXN_5671075;Tea;5;1.5;7.5;Cash;In-store;2023-12-25
TXN_5004986;Sandwich;3;4.0;12.0;Digital Wallet;;2023-01-23
TXN_4856575;Salad;3;5.0;15.0;Digital Wallet;In-store;2023-09-10
TXN_6064400;Sandwich;5;4.0;20.0;;;2023-07-06
TXN_8512136;Juice;1;3.0;3.0;Cash;Takeaway;2023-08-26
TXN_1868529;ERROR;1;5.0;5.0;Credit Card;;2023-01-25
TXN_3129441;Juice;3;3.0;9.0;Credit Card;In-store;2023-05-31
TXN_1652596;Smoothie;5;4.0;UNKNOWN;Digital Wallet;;2023-10-04
TXN_3487896;Coffee;5;2.0;10.0;Credit Card;;2023-01-09
TXN_1429858;Cookie;4;1.0;4.0;Credit Card;ERROR;2023-03-15
TXN_1721242;Smoothie;5;4.0;20.0;;In-store;2023-11-23
TXN_3472707;Sandwich;2;4.0;8.0;Cash;Takeaway;2023-03-26
TXN_5348750;UNKNOWN;5;5.0;25.0;Credit Card;;2023-07-15
TXN_3819085;Sandwich;1;4.0;4.0;;Takeaway;2023-11-23
TXN_2181920;Sandwich;3;4.0;12.0;Cash;;2023-02-11
TXN_1173155;Coffee;1;2.0;2.0;Cash;In-store;2023-03-14
TXN_4913079;Sandwich;3;4.0;12.0;ERROR;;2023-08-19
TXN_1476711;Tea;2;1.5;3.0;;;2023-01-26
TXN_5341644;Cake;4;3.0;12.0;Cash;;2023-01-24
TXN_4548274;Juice;5;3.0;15.0;Digital Wallet;;2023-05-09
TXN_8008815;Salad;2;5.0;10.0;;UNKNOWN;2023-03-16
TXN_3639760;Cake;5;3.0;15.0;Credit Card;Takeaway;2023-01-29
TXN_8159727;Salad;5;ERROR;25.0;Digital Wallet;;2023-04-24
TXN_5061028;Cookie;1;1.0;1.0;Credit Card;Takeaway;2023-05-17
TXN_6962671;Cake;2;3.0;6.0;;;2023-01-20
TXN_4791072;Coffee;3;2.0;6.0;;ERROR;2023-11-13
TXN_7263939;;ERROR;4.0;4.0;;;2023-08-08
TXN_4775791;Smoothie;4;4.0;16.0;Credit Card;;2023-04-13
TXN_6724554;Tea;3;1.5;ERROR;UNKNOWN;;2023-03-22
TXN_6897608;Coffee;2;2.0;4.0;Credit Card;Takeaway;2023-06-28
TXN_1481470;Juice;3;3.0;9.0;Digital Wallet;Takeaway;ERROR
TXN_4226572;Cookie;3;1.0;3.0;;Takeaway;2023-05-16
TXN_6833530;Juice;4;3.0;12.0;;In-store;2023-11-05
TXN_5752187;Juice;4;3.0;12.0;Digital Wallet;In-store;ERROR
TXN_4321368;Coffee;4;2.0;8.0;;Takeaway;2023-12-09
TXN_3434549;Sandwich;5;4.0;20.0;Credit Card;Takeaway;2023-05-25
TXN_7918317;Tea;1;1.5;1.5;Credit Card;;2023-07-27
TXN_3467985;Sandwich;3;4.0;12.0;Cash;Takeaway;2023-12-10
TXN_3526095;Sandwich;3;4.0;12.0;Cash;Takeaway;2023-08-30
TXN_8316915;Cookie;5;1.0;5.0;Digital Wallet;In-store;2023-05-30
TXN_4876685;Tea;1;1.5;1.5;Digital Wallet;Takeaway;2023-07-14
TXN_7505290;Salad;4;5.0;20.0;Digital Wallet;Takeaway;2023-10-21
TXN_5709834;Cake;4;3.0;12.0;Digital Wallet;;2023-03-24
TXN_9626624;Smoothie;3;4.0;12.0;Cash;In-store;2023-10-10
TXN_4563526;Smoothie;4;4.0;16.0;Credit Card;;2023-06-30
TXN_5512533;Coffee;4;2.0;8.0;Digital Wallet;;2023-06-13
TXN_9399452;Cake;4;3.0;12.0;Credit Card;In-store;2023-12-03
TXN_3451212;Cake;3;3.0;9.0;ERROR;;2023-01-29
TXN_1934166;Sandwich;5;4.0;20.0;Cash;In-store;2023-03-06
TXN_5594695;Cake;3;3.0;9.0;Credit Card;In-store;2023-01-18
TXN_8379868;Cake;3;3.0;9.0;Cash;In-store;2023-01-16
TXN_3708535;Coffee;5;2.0;10.0;;In-store;2023-05-02
TXN_5299440;Juice;2;3.0;6.0;Credit Card;In-store;2023-10-21
TXN_4107706;Salad;1;5.0;5.0;;In-store;2023-11-23
TXN_6059878;Salad;3;5.0;15.0;Digital Wallet;;2023-01-23
TXN_6476204;UNKNOWN;5;4.0;ERROR;;Takeaway;2023-12-22
TXN_5777542;Sandwich;2;4.0;8.0;ERROR;;2023-10-22
TXN_3919225;Cake;2;3.0;6.0;Cash;In-store;2023-03-26
TXN_5598744;Sandwich;4;4.0;UNKNOWN;Digital Wallet;Takeaway;2023-10-17
TXN_7355326;Cookie;1;1.0;1.0;;;2023-01-03
TXN_4071945;Cake;1;;3.0;Cash;;2023-07-17
TXN_6732096;Smoothie;2;4.0;ERROR;;In-store;2023-04-02
TXN_4392519;Cookie;2;1.0;2.0;UNKNOWN;Takeaway;2023-09-20
TXN_1716710;Coffee;2;2.0;4.0;UNKNOWN;;2023-02-23
TXN_9550397;Coffee;4;2.0;8.0;;;ERROR
TXN_9655021;Coffee;3;2.0;6.0;UNKNOWN;;2023-04-22
TXN_3868402;Coffee;3;2.0;6.0;Cash;In-store;2023-01-21
TXN_4624591;Salad;2;5.0;10.0;Credit Card;In-store;2023-08-03
TXN_9640865;Cookie;2;1.0;ERROR;Cash;Takeaway;2023-03-18
TXN_6456008;Salad;5;5.0;25.0;Credit Card;In-store;2023-03-26
TXN_9547654;Cookie;2;1.0;2.0;UNKNOWN;In-store;2023-11-19
TXN_4986668;Cake;3;3.0;9.0;Digital Wallet;UNKNOWN;2023-11-30
TXN_6235329;Salad;2;5.0;10.0;Digital Wallet;In-store;2023-10-11
TXN_8536578;Cake;5;3.0;15.0;Digital Wallet;In-store;2023-11-11
TXN_4545512;Coffee;1;2.0;2.0;;Takeaway;2023-12-18
TXN_2156128;Sandwich;1;4.0;4.0;Digital Wallet;In-store;2023-07-21
TXN_9188172;Juice;3;3.0;9.0;Digital Wallet;In-store;2023-08-27
TXN_5893283;;3;3.0;9.0;Cash;In-store;2023-08-15
TXN_6408024;Cookie;3;1.0;3.0;;In-store;2023-11-29
TXN_4788748;Sandwich;4;4.0;16.0;Credit Card;In-store;2023-04-30
TXN_6460409;Salad;3;5.0;UNKNOWN;Cash;ERROR;2023-01-03
TXN_1067052;Tea;4;1.5;6.0;;Takeaway;2023-02-18
TXN_8776634;Juice;5;3.0;15.0;;In-store;2023-06-02
TXN_2534831;Tea;5;1.5;7.5;Cash;Takeaway;2023-08-19
TXN_9941872;Salad;3;5.0;15.0;;;2023-04-08
TXN_2055898;Tea;4;1.5;6.0;;;2023-12-01
TXN_2007418;Smoothie;4;4.0;16.0;Cash;;2023-06-16
TXN_6451043;Cookie;2;1.0;2.0;;In-store;2023-02-06
TXN_2632916;Juice;3;3.0;9.0;Credit Card;;2023-06-17
TXN_1926794;Smoothie;1;4.0;4.0;;In-store;2023-01-14
TXN_3201783;Juice;3;3.0;9.0;UNKNOWN;;2023-12-03
TXN_2374950;Cake;5;3.0;15.0;Digital Wallet;;2023-04-28
TXN_5962196;Smoothie;2;4.0;8.0;Cash;Takeaway;2023-11-29
TXN_4342098;Smoothie;4;4.0;16.0;Cash;In-store;2023-05-24
TXN_7367134;Smoothie;4;4.0;16.0;Digital Wallet;;2023-10-03
TXN_3651743;Cake;5;3.0;15.0;Cash;In-store;2023-04-24
TXN_4411007;Cookie;5;1.0;5.0;Digital Wallet;Takeaway;2023-05-17
TXN_6026451;Juice;2;3.0;6.0;Cash;In-store;2023-11-06
TXN_5896413;Coffee;3;2.0;6.0;Cash;In-store;ERROR
TXN_5093312;Cookie;4;1.0;4.0;Credit Card;Takeaway;2023-08-12
TXN_6685570;Tea;1;1.5;1.5;Credit Card;In-store;2023-03-14
TXN_7905853;Cookie;4;1.0;4.0;Digital Wallet;;2023-07-25
TXN_3020475;Salad;4;5.0;20.0;;Takeaway;2023-09-13
TXN_7665695;Tea;3;1.5;4.5;ERROR;In-store;2023-10-21
TXN_2355099;Salad;5;5.0;25.0;Cash;Takeaway;2023-03-18
TXN_6071866;Tea;4;1.5;6.0;;;2023-10-14
TXN_4548715;Sandwich;2;4.0;8.0;;;2023-02-16
TXN_8156272;Salad;2;5.0;10.0;Cash;In-store;ERROR
TXN_8344035;Smoothie;2;4.0;8.0;Cash;;2023-08-23
TXN_7332192;Coffee;1;2.0;2.0;Credit Card;Takeaway;2023-11-17
TXN_4483944;Juice;4;3.0;12.0;;In-store;
TXN_4713356;Smoothie;5;4.0;20.0;ERROR;In-store;2023-05-08
TXN_6400461;Coffee;4;2.0;8.0;Digital Wallet;;2023-01-18
TXN_9262504;Smoothie;3;4.0;12.0;Credit Card;;2023-12-01
TXN_6225305;Cake;1;3.0;3.0;Cash;Takeaway;2023-05-05
TXN_1266278;Smoothie;1;4.0;4.0;;Takeaway;2023-11-03
TXN_2607233;Coffee;3;2.0;6.0;Cash;Takeaway;
TXN_2797871;Cookie;2;1.0;2.0;UNKNOWN;Takeaway;2023-09-21
TXN_6753977;Tea;3;1.5;;;In-store;
TXN_4947561;Salad;UNKNOWN;5.0;15.0;ERROR;Takeaway;2023-06-06
TXN_3881824;Juice;UNKNOWN;3.0;6.0;Credit Card;;2023-12-30
TXN_7606965;Juice;5;3.0;15.0;Digital Wallet;In-store;2023-12-08
TXN_5516374;Smoothie;2;4.0;8.0;;In-store;2023-07-25
TXN_8059034;Coffee;1;2.0;2.0;Digital Wallet;;2023-01-10
TXN_2238287;Salad;3;5.0;15.0;Digital Wallet;In-store;2023-05-22
TXN_2086896;ERROR;4;3.0;12.0;Cash;Takeaway;2023-11-25
TXN_9667721;Tea;5;1.5;7.5;Credit Card;Takeaway;2023-04-29
TXN_6317991;Cookie;5;1.0;5.0;Digital Wallet;In-store;2023-03-03
TXN_7866723;Sandwich;2;4.0;8.0;Credit Card;In-store;2023-03-26
TXN_7954064;ERROR;5;3.0;15.0;Credit Card;In-store;2023-08-31
TXN_5251180;Cookie;1;1.0;1.0;Digital Wallet;;2023-06-25
TXN_5891724;Salad;5;5.0;25.0;Credit Card;;2023-12-10
TXN_9564495;UNKNOWN;4;3.0;12.0;Digital Wallet;;2023-08-01
TXN_5092646;Smoothie;2;4.0;8.0;;Takeaway;2023-05-08
TXN_5261036;;5;3.0;15.0;Cash;;2023-10-03
TXN_2638434;Juice;5;3.0;15.0;Credit Card;In-store;2023-09-18
TXN_5651620;UNKNOWN;2;4.0;8.0;;;2023-05-16
TXN_5452210;Tea;5;1.5;7.5;Digital Wallet;In-store;2023-04-17
TXN_5337566;Cookie;5;1.0;5.0;Cash;Takeaway;2023-03-08
TXN_3341779;Tea;3;1.5;4.5;Cash;Takeaway;2023-07-30
TXN_7977951;Cake;5;3.0;15.0;;;2023-12-22
TXN_8226985;Coffee;2;2.0;4.0;;;2023-03-08
TXN_7604622;Juice;ERROR;3.0;12.0;Credit Card;;2023-12-22
TXN_6875870;Salad;5;5.0;25.0;;;2023-09-07
TXN_9086163;Cookie;2;1.0;2.0;Digital Wallet;ERROR;2023-07-31
TXN_5061600;Juice;3;3.0;UNKNOWN;;In-store;2023-11-23
TXN_9987017;Cookie;5;1.0;5.0;Cash;Takeaway;2023-03-14
TXN_6533576;Salad;5;5.0;25.0;Cash;In-store;2023-08-14
TXN_5229351;Coffee;3;2.0;6.0;Digital Wallet;Takeaway;2023-08-14
TXN_5318263;Smoothie;1;4.0;4.0;Credit Card;Takeaway;2023-06-12
TXN_8866088;Tea;4;1.5;6.0;Digital Wallet;Takeaway;2023-07-11
TXN_1193930;Coffee;1;2.0;2.0;Cash;;
TXN_2601923;Cake;4;;12.0;Cash;Takeaway;2023-07-24
TXN_5884081;Cookie;UNKNOWN;1.0;ERROR;Digital Wallet;In-store;2023-07-05
TXN_5047792;Salad;1;5.0;5.0;;;UNKNOWN
TXN_7434172;Cookie;2;1.0;2.0;Digital Wallet;Takeaway;2023-11-14
TXN_1849406;Sandwich;5;4.0;ERROR;Cash;In-store;2023-11-30
TXN_8388462;Smoothie;;UNKNOWN;8.0;UNKNOWN;Takeaway;2023-08-19
TXN_6289180;Juice;1;3.0;3.0;Cash;In-store;2023-03-14
TXN_3974663;Juice;3;3.0;9.0;Cash;Takeaway;2023-10-02
TXN_9041537;Sandwich;4;4.0;16.0;;;2023-08-28
TXN_2798069;ERROR;5;1.5;7.5;Digital Wallet;UNKNOWN;2023-09-02
TXN_7601706;Juice;UNKNOWN;3.0;6.0;Credit Card;In-store;2023-11-15
TXN_6184247;;1;3.0;3.0;;;
TXN_3145515;Smoothie;4;4.0;16.0;Cash;;2023-03-31
TXN_6711224;Juice;1;3.0;3.0;Digital Wallet;;2023-03-26
TXN_4035164;Juice;5;3.0;15.0;;In-store;2023-11-26
TXN_1815061;Cake;3;3.0;9.0;Digital Wallet;In-store;2023-01-20
TXN_9522690;Cookie;4;1.0;4.0;Credit Card;In-store;2023-07-23
TXN_2858635;Sandwich;1;4.0;4.0;Digital Wallet;In-store;2023-09-28
TXN_5492825;UNKNOWN;2;5.0;10.0;;In-store;2023-02-25
TXN_2083119;UNKNOWN;2;1.0;2.0;;In-store;2023-06-11
TXN_7030681;Juice;1;3.0;3.0;Cash;;2023-10-01
TXN_7738316;Cookie;4;1.0;4.0;ERROR;;2023-02-04
TXN_6817358;Smoothie;2;ERROR;8.0;Credit Card;UNKNOWN;2023-12-22
TXN_4430474;Cake;2;3.0;6.0;Digital Wallet;;2023-06-08
TXN_2329938;Sandwich;3;4.0;12.0;Credit Card;;2023-03-29
TXN_7020104;ERROR;5;1.5;7.5;Digital Wallet;;2023-01-23
TXN_3642052;Cake;1;3.0;UNKNOWN;;Takeaway;2023-07-19
TXN_6655913;Cookie;1;1.0;;Credit Card;In-store;2023-04-02
TXN_1409029;Sandwich;1;4.0;4.0;Cash;;UNKNOWN
TXN_1617594;Sandwich;1;4.0;4.0;UNKNOWN;In-store;2023-04-23
TXN_7136372;Juice;3;3.0;9.0;Credit Card;Takeaway;2023-09-22
TXN_7648238;Cookie;UNKNOWN;1.0;1.0;Cash;;2023-05-12
TXN_1277813;ERROR;5;3.0;15.0;Digital Wallet;;2023-09-11
TXN_7251969;Cookie;2;1.0;2.0;;In-store;2023-08-14
TXN_5790695;Tea;5;1.5;7.5;Credit Card;Takeaway;2023-04-24
TXN_7101802;Coffee;4;2.0;8.0;;;2023-03-19
TXN_3277936;Tea;2;1.5;3.0;Digital Wallet;Takeaway;2023-06-21
TXN_3233221;Cake;5;3.0;15.0;;Takeaway;2023-06-15
TXN_6200423;Cookie;1;1.0;1.0;;In-store;2023-02-03
TXN_1522176;Smoothie;UNKNOWN;4.0;4.0;Digital Wallet;Takeaway;2023-04-29
TXN_6728574;Juice;3;3.0;9.0;Cash;;2023-05-24
TXN_6344738;;4;5.0;20.0;Credit Card;Takeaway;ERROR
TXN_5968705;Sandwich;3;4.0;12.0;Credit Card;Takeaway;2023-12-16
TXN_9657902;Juice;1;3.0;3.0;Digital Wallet;;2023-10-30
TXN_8640383;Juice;2;3.0;6.0;ERROR;;2023-10-08
TXN_3889213;Cake;1;;3.0;Credit Card;;2023-10-13
TXN_2252244;Juice;2;UNKNOWN;6.0;Credit Card;;2023-03-10
TXN_2561071;Juice;5;3.0;15.0;;In-store;2023-01-30
TXN_6543164;Tea;2;1.5;3.0;Digital Wallet;ERROR;2023-07-10
TXN_3209025;Salad;2;5.0;10.0;Cash;;2023-10-12
TXN_9975079;Smoothie;2;4.0;8.0;Cash;;2023-08-26
TXN_9618962;;3;UNKNOWN;6.0;Credit Card;Takeaway;2023-11-08
TXN_5949517;;5;4.0;20.0;Digital Wallet;In-store;2023-12-31
TXN_4103665;Coffee;4;2.0;UNKNOWN;;In-store;2023-04-30
TXN_8499618;Cake;2;3.0;6.0;ERROR;;2023-05-23
TXN_6183513;UNKNOWN;3;3.0;9.0;Digital Wallet;;2023-12-22
TXN_3919672;Cookie;UNKNOWN;1.0;2.0;Credit Card;;2023-11-05
TXN_7592199;Tea;3;1.5;4.5;Digital Wallet;ERROR;2023-09-14
TXN_8888249;Coffee;5;2.0;10.0;;;2023-10-17
TXN_8494571;;5;1.0;5.0;;;2023-02-06
TXN_7749759;Tea;1;1.5;1.5;Digital Wallet;In-store;2023-12-26
TXN_7556108;Cookie;5;1.0;5.0;;Takeaway;2023-01-17
TXN_9360886;Sandwich;1;4.0;4.0;UNKNOWN;;2023-07-25
TXN_5303464;Juice;4;3.0;12.0;Cash;Takeaway;2023-10-26
TXN_5324330;Salad;3;5.0;15.0;Digital Wallet;Takeaway;2023-11-20
TXN_5862289;Juice;4;3.0;12.0;Digital Wallet;Takeaway;2023-01-05
TXN_8203190;Tea;2;1.5;3.0;;In-store;2023-06-16
TXN_9699948;Coffee;5;2.0;10.0;Cash;In-store;2023-04-18
TXN_8187087;Coffee;3;2.0;6.0;Digital Wallet;Takeaway;2023-01-31
TXN_5409141;Coffee;5;2.0;10.0;Cash;Takeaway;2023-02-02
TXN_9928409;Sandwich;4;4.0;16.0;Credit Card;;2023-06-17
TXN_9882485;Salad;5;5.0;25.0;Cash;ERROR;UNKNOWN
TXN_9952479;Sandwich;1;4.0;4.0;Digital Wallet;Takeaway;2023-12-06
TXN_7207901;Smoothie;2;4.0;8.0;Digital Wallet;In-store;2023-12-11
TXN_8899602;Salad;4;5.0;20.0;;In-store;
TXN_4321091;Smoothie;2;4.0;8.0;Cash;In-store;2023-06-15
TXN_2721997;Cake;3;3.0;9.0;;Takeaway;2023-05-20
TXN_6738137;Coffee;4;2.0;8.0;;;2023-07-20
TXN_5365699;Sandwich;5;4.0;20.0;;;2023-05-22
TXN_4807459;Sandwich;1;4.0;4.0;;;2023-08-11
TXN_2790608;Juice;1;3.0;3.0;Cash;In-store;2023-12-18
TXN_2035137;;2;1.5;3.0;Digital Wallet;Takeaway;2023-03-12
TXN_7603919;ERROR;2;1.0;2.0;;;2023-09-25
TXN_7429032;Sandwich;2;4.0;8.0;;Takeaway;2023-08-18
TXN_5241723;Coffee;3;2.0;6.0;Cash;;2023-07-18
TXN_5151706;Smoothie;1;4.0;4.0;;Takeaway;2023-03-01
TXN_6231475;Salad;2;5.0;10.0;Credit Card;In-store;2023-03-18
TXN_6144244;Juice;3;ERROR;9.0;Cash;;2023-01-08
TXN_3442435;;ERROR;4.0;8.0;Digital Wallet;In-store;2023-04-01
TXN_2631423;Cookie;3;1.0;3.0;Cash;Takeaway;2023-01-07
TXN_1616810;UNKNOWN;2;1.0;2.0;;In-store;2023-09-05
TXN_6505914;Cake;3;3.0;9.0;ERROR;ERROR;2023-01-27
TXN_1958614;Smoothie;2;4.0;8.0;Digital Wallet;;2023-07-02
TXN_6890737;;4;4.0;16.0;;;2023-05-22
TXN_6702416;Cake;1;3.0;3.0;;;2023-09-14
TXN_5649204;Smoothie;1;4.0;4.0;Cash;In-store;2023-03-05
TXN_4084177;UNKNOWN;3;1.0;3.0;Credit Card;In-store;2023-08-13
TXN_2066115;Salad;4;5.0;20.0;Credit Card;In-store;2023-08-18
TXN_5029643;ERROR;2;1.5;3.0;Digital Wallet;In-store;2023-12-23
TXN_7986904;Cookie;3;1.0;3.0;Credit Card;Takeaway;2023-08-11
TXN_4633457;Salad;1;5.0;5.0;Credit Card;Takeaway;2023-05-21
TXN_9368550;Cake;3;3.0;9.0;Digital Wallet;Takeaway;2023-09-26
TXN_8049058;Cake;2;3.0;6.0;Cash;ERROR;2023-04-08
TXN_5131404;Sandwich;4;4.0;16.0;Credit Card;Takeaway;2023-06-18
TXN_3480562;Coffee;5;2.0;10.0;;;2023-12-24
TXN_6219454;Tea;1;1.5;1.5;Cash;In-store;2023-11-14
TXN_2551378;Tea;2;1.5;3.0;;Takeaway;2023-10-27
TXN_9024388;Salad;1;5.0;5.0;Cash;;2023-02-27
TXN_3478329;Tea;3;1.5;4.5;Digital Wallet;In-store;2023-10-29
TXN_6308974;Cookie;4;1.0;4.0;ERROR;In-store;2023-10-02
TXN_5571904;Salad;5;5.0;25.0;Digital Wallet;Takeaway;2023-08-05
TXN_6979356;Salad;2;5.0;10.0;;In-store;2023-09-21
TXN_9171458;Cake;2;3.0;6.0;;;2023-03-29
TXN_5537621;Juice;4;3.0;12.0;Digital Wallet;Takeaway;2023-02-28
TXN_9288156;Coffee;3;2.0;6.0;;;2023-11-05
TXN_8626720;Juice;4;3.0;12.0;Cash;Takeaway;2023-06-02
TXN_9181129;Sandwich;;4.0;20.0;Digital Wallet;In-store;2023-09-25
TXN_5908362;Sandwich;5;4.0;20.0;Digital Wallet;;2023-10-03
TXN_2086841;Salad;4;5.0;20.0;Credit Card;In-store;2023-03-16
TXN_9944141;Juice;5;3.0;15.0;Credit Card;Takeaway;2023-07-18
TXN_2438638;Cake;2;3.0;6.0;Credit Card;Takeaway;2023-08-12
TXN_4644790;UNKNOWN;1;4.0;4.0;Credit Card;;2023-09-19
TXN_9216933;Cookie;4;1.0;4.0;;;2023-05-29
TXN_8308356;Smoothie;1;4.0;UNKNOWN;Digital Wallet;;2023-11-21
TXN_7933500;Tea;3;1.5;4.5;;In-store;2023-09-21
TXN_1602123;Coffee;;2.0;2.0;Cash;;2023-04-11
TXN_3321395;Tea;;1.5;1.5;Digital Wallet;Takeaway;2023-07-08
TXN_7563589;Smoothie;5;4.0;20.0;Cash;;2023-09-19
TXN_7864482;Sandwich;1;4.0;4.0;Credit Card;Takeaway;2023-01-28
TXN_7942343;Cookie;4;1.0;4.0;Digital Wallet;;2023-06-15
TXN_1585329;Smoothie;4;4.0;16.0;Credit Card;;2023-07-16
TXN_6550460;Sandwich;5;4.0;ERROR;;;2023-03-15
TXN_3416466;Juice;2;3.0;6.0;Digital Wallet;;2023-09-13
TXN_5125759;Coffee;3;2.0;6.0;Digital Wallet;Takeaway;2023-06-15
TXN_7321946;Cake;3;3.0;9.0;Cash;Takeaway;2023-02-12
TXN_4336291;Salad;5;5.0;25.0;Cash;In-store;2023-03-25
TXN_5240229;Salad;1;5.0;5.0;ERROR;In-store;2023-06-10
TXN_7854253;Coffee;4;2.0;8.0;Cash;;2023-07-26
TXN_1971201;Smoothie;2;4.0;8.0;Digital Wallet;;2023-11-07
TXN_2673104;Tea;1;1.5;1.5;;;2023-06-23
TXN_7479695;Smoothie;5;4.0;20.0;Credit Card;;2023-12-12
TXN_1084222;Coffee;4;2.0;8.0;Digital Wallet;In-store;2023-06-03
TXN_1723062;Salad;1;5.0;5.0;ERROR;In-store;2023-09-21
TXN_4987205;Tea;2;1.5;3.0;;Takeaway;2023-06-24
TXN_8025478;Sandwich;4;4.0;16.0;Cash;Takeaway;2023-01-24
TXN_7529735;Coffee;3;2.0;6.0;;In-store;2023-08-12
TXN_1598214;Juice;1;ERROR;3.0;Credit Card;Takeaway;2023-01-07
TXN_7872478;Juice;4;3.0;12.0;Credit Card;In-store;2023-04-25
TXN_9464398;Cake;4;3.0;12.0;Credit Card;;2023-09-25
TXN_9319656;Tea;5;1.5;7.5;;;2023-12-22
TXN_9212052;Salad;4;5.0;20.0;Cash;;2023-10-15
TXN_2913107;UNKNOWN;4;ERROR;8.0;;In-store;2023-05-20
TXN_2550923;Cake;2;3.0;6.0;Cash;Takeaway;2023-08-26
TXN_3352028;ERROR;4;1.0;4.0;Credit Card;In-store;2023-08-26
TXN_2682803;Cake;5;3.0;15.0;Credit Card;Takeaway;2023-04-09
TXN_1745182;Cookie;2;UNKNOWN;2.0;Digital Wallet;Takeaway;2023-09-26
TXN_7608637;ERROR;1;5.0;5.0;Digital Wallet;;2023-04-08
TXN_6388090;Juice;4;3.0;12.0;ERROR;;ERROR
TXN_4335735;Coffee;2;2.0;4.0;;;2023-04-07
TXN_9264301;Coffee;1;2.0;2.0;UNKNOWN;In-store;2023-10-24
TXN_6547896;Coffee;3;2.0;ERROR;;;2023-03-02
TXN_2414686;Cake;1;3.0;3.0;Cash;;ERROR
TXN_9868114;Smoothie;2;4.0;8.0;Credit Card;In-store;2023-11-12
TXN_6127474;Cookie;5;ERROR;5.0;Cash;In-store;2023-09-17
TXN_5549557;Cake;2;3.0;6.0;Cash;In-store;2023-02-27
TXN_4668762;Smoothie;3;4.0;12.0;Digital Wallet;;2023-03-10
TXN_1058466;Cookie;3;1.0;3.0;Digital Wallet;Takeaway;2023-12-07
TXN_8892230;Coffee;5;2.0;10.0;;;2023-03-02
TXN_3332915;Cookie;2;1.0;2.0;;Takeaway;2023-01-19
TXN_9596023;Coffee;5;2.0;10.0;Digital Wallet;Takeaway;2023-11-30
TXN_6122423;Salad;4;5.0;UNKNOWN;;In-store;2023-09-28
TXN_8934637;Smoothie;1;4.0;4.0;;In-store;2023-01-07
TXN_4846406;Cookie;3;1.0;3.0;Cash;In-store;2023-05-22
TXN_8917300;Cookie;1;1.0;1.0;Cash;Takeaway;2023-03-04
TXN_7742182;Tea;2;1.5;3.0;;;2023-11-09
TXN_8131533;Cake;1;3.0;3.0;Cash;In-store;2023-07-18
TXN_1836754;Tea;1;1.5;1.5;Credit Card;In-store;2023-09-10
TXN_2531878;Salad;3;5.0;15.0;;;2023-01-06
TXN_8126586;Sandwich;5;4.0;20.0;;In-store;2023-11-19
TXN_4522292;Cookie;1;1.0;1.0;Digital Wallet;In-store;2023-07-12
TXN_2896162;Cookie;2;1.0;2.0;Credit Card;In-store;
TXN_4209377;Salad;2;5.0;10.0;;;2023-02-07
TXN_9097321;Juice;2;3.0;6.0;Credit Card;;2023-10-02
TXN_8258400;ERROR;5;5.0;25.0;UNKNOWN;;2023-10-09
TXN_3267393;Sandwich;2;4.0;8.0;;In-store;2023-02-24
TXN_2389110;Sandwich;2;4.0;8.0;Cash;In-store;2023-05-30
TXN_2704452;Salad;2;5.0;10.0;Credit Card;Takeaway;2023-09-05
TXN_4892165;Juice;3;3.0;9.0;Cash;In-store;2023-07-27
TXN_6588156;Cake;4;3.0;12.0;;In-store;2023-04-14
TXN_4721830;Sandwich;3;4.0;12.0;UNKNOWN;;2023-11-15
TXN_6941542;Sandwich;3;4.0;12.0;;In-store;2023-09-27
TXN_5214986;Cookie;5;;5.0;Credit Card;In-store;2023-09-21
TXN_3635874;Sandwich;2;4.0;8.0;Cash;UNKNOWN;2023-03-16
TXN_1721910;Juice;4;3.0;12.0;Digital Wallet;;2023-03-21
TXN_9615339;Sandwich;1;4.0;4.0;;In-store;
TXN_1120969;Coffee;2;2.0;4.0;Credit Card;;2023-04-15
TXN_4246000;Cookie;2;1.0;2.0;Credit Card;Takeaway;2023-07-09
TXN_9253541;UNKNOWN;1;1.5;1.5;Digital Wallet;ERROR;2023-06-04
TXN_9699174;Smoothie;3;4.0;UNKNOWN;;;2023-01-03
TXN_6036409;Tea;5;1.5;7.5;Cash;Takeaway;2023-02-16
TXN_5927258;Tea;5;1.5;7.5;;In-store;2023-10-18
TXN_6027031;Juice;5;3.0;15.0;Credit Card;In-store;2023-11-15
TXN_4449992;;3;1.0;3.0;Digital Wallet;UNKNOWN;2023-01-09
TXN_3018211;Salad;4;5.0;20.0;;;ERROR
TXN_1900906;Coffee;5;2.0;ERROR;Cash;;2023-01-31
TXN_7171590;Coffee;3;2.0;6.0;Credit Card;In-store;2023-04-24
TXN_5746203;Tea;5;1.5;7.5;Cash;;2023-07-08
TXN_1696300;Cookie;1;1.0;1.0;Digital Wallet;In-store;2023-05-28
TXN_1255476;Smoothie;1;4.0;4.0;;;2023-08-28
TXN_9403115;Tea;1;1.5;1.5;;UNKNOWN;2023-04-17
TXN_4476539;Salad;2;5.0;10.0;Cash;;2023-04-19
TXN_5263133;Juice;2;3.0;6.0;;Takeaway;2023-05-22
TXN_8473362;Juice;3;3.0;9.0;Digital Wallet;;2023-11-22
TXN_8402606;Cookie;3;1.0;3.0;;Takeaway;2023-05-09
TXN_6857799;Cookie;4;1.0;4.0;Cash;ERROR;2023-01-08
TXN_9362993;Coffee;3;2.0;6.0;Cash;In-store;2023-10-22
TXN_7458568;Smoothie;5;4.0;20.0;Digital Wallet;;2023-05-09
TXN_7474617;Salad;3;5.0;15.0;Credit Card;Takeaway;ERROR
TXN_1959082;Juice;5;3.0;15.0;Credit Card;;2023-06-08
TXN_9630958;Smoothie;5;ERROR;20.0;Digital Wallet;In-store;2023-12-26
TXN_4290475;Smoothie;1;4.0;4.0;;Takeaway;2023-04-20
TXN_4561296;Salad;5;5.0;25.0;Cash;In-store;2023-11-22
TXN_6422545;Juice;2;3.0;6.0;Credit Card;Takeaway;2023-11-03
TXN_6012728;Cake;4;3.0;12.0;Credit Card;In-store;2023-05-09
TXN_8886678;Tea;5;1.5;7.5;Cash;;2023-03-27
TXN_5424622;Tea;4;1.5;6.0;;In-store;2023-07-12
TXN_1204426;Sandwich;;4.0;12.0;Credit Card;;2023-01-16
TXN_1885495;Coffee;4;2.0;8.0;Cash;;2023-03-04
TXN_3646359;Salad;2;5.0;10.0;Credit Card;;2023-07-23
TXN_3284157;Tea;4;ERROR;6.0;Digital Wallet;;2023-05-17
TXN_4533186;Tea;3;1.5;4.5;;Takeaway;2023-04-19
TXN_3046567;Salad;2;5.0;10.0;Credit Card;In-store;2023-01-07
TXN_3594827;Juice;5;3.0;15.0;Digital Wallet;In-store;2023-03-09
TXN_2883054;Cake;4;3.0;12.0;Cash;In-store;2023-11-17
TXN_1744319;Smoothie;3;4.0;12.0;Cash;;2023-03-24
TXN_6182856;Cake;4;3.0;12.0;Credit Card;Takeaway;2023-04-02
TXN_7341998;Cake;3;3.0;9.0;Digital Wallet;;2023-02-18
TXN_5438422;Smoothie;3;4.0;;;In-store;2023-09-25
TXN_7187128;Tea;5;1.5;7.5;;Takeaway;2023-08-24
TXN_6499084;Cake;4;;12.0;Credit Card;Takeaway;2023-03-15
TXN_5738243;Salad;5;ERROR;25.0;Credit Card;Takeaway;2023-08-30
TXN_8946752;Tea;4;1.5;6.0;Cash;;2023-06-08
TXN_5453217;Coffee;1;2.0;2.0;Credit Card;In-store;2023-07-11
TXN_9340973;Cookie;4;1.0;4.0;Cash;;2023-03-07
TXN_8562684;Tea;5;1.5;7.5;;Takeaway;2023-06-25
TXN_2477021;Cookie;4;;4.0;Credit Card;In-store;UNKNOWN
TXN_2030078;Smoothie;1;4.0;4.0;Digital Wallet;Takeaway;2023-04-10
TXN_9490465;;3;4.0;12.0;UNKNOWN;ERROR;2023-05-06
TXN_6603668;Coffee;4;ERROR;8.0;Credit Card;Takeaway;2023-03-07
TXN_7077961;Tea;4;1.5;6.0;Digital Wallet;Takeaway;2023-09-19
TXN_3343585;Cake;1;3.0;3.0;Cash;In-store;2023-09-17
TXN_7896831;Coffee;5;2.0;10.0;Cash;Takeaway;2023-04-01
TXN_2510233;ERROR;2;4.0;8.0;Credit Card;In-store;2023-11-04
TXN_3541337;Cookie;4;1.0;4.0;Digital Wallet;Takeaway;2023-09-01
TXN_2140056;Cookie;1;1.0;1.0;Digital Wallet;Takeaway;2023-12-07
TXN_9629256;Cake;4;3.0;12.0;Digital Wallet;In-store;2023-11-07
TXN_8419985;Cake;3;3.0;9.0;;ERROR;2023-08-26
TXN_6349916;Salad;1;5.0;5.0;Cash;;2023-07-09
TXN_6568254;Salad;2;5.0;10.0;Credit Card;In-store;2023-02-09
TXN_1730385;Cake;2;3.0;6.0;Credit Card;;2023-03-01
TXN_7800576;Sandwich;ERROR;4.0;16.0;ERROR;;2023-07-13
TXN_6935600;Coffee;3;2.0;6.0;UNKNOWN;;2023-01-02
TXN_1851725;Cake;5;3.0;15.0;Cash;Takeaway;2023-02-19
TXN_5691112;Juice;5;3.0;15.0;UNKNOWN;ERROR;2023-03-24
TXN_9514836;Coffee;3;2.0;6.0;;In-store;2023-03-29
TXN_4172649;Salad;4;5.0;20.0;Digital Wallet;;2023-05-19
TXN_6504096;Salad;5;5.0;25.0;Cash;;2023-09-10
TXN_9921708;Cake;1;3.0;3.0;Cash;Takeaway;2023-07-20
TXN_6361661;Smoothie;2;4.0;8.0;Cash;;2023-11-05
TXN_4329116;Cake;3;3.0;9.0;Credit Card;In-store;2023-09-29
TXN_4142781;Sandwich;5;4.0;20.0;Digital Wallet;Takeaway;2023-01-30
TXN_6055428;Salad;5;5.0;ERROR;Cash;Takeaway;2023-02-25
TXN_4359885;Cookie;2;1.0;2.0;Credit Card;In-store;2023-01-16
TXN_4255116;Juice;4;3.0;12.0;Credit Card;In-store;2023-12-24
TXN_6511482;Tea;3;1.5;4.5;Credit Card;ERROR;2023-03-17
TXN_9672367;Cookie;2;1.0;2.0;;In-store;2023-12-21
TXN_1514364;Coffee;5;2.0;10.0;Digital Wallet;In-store;2023-01-21
TXN_1643122;Juice;3;3.0;9.0;;In-store;2023-05-15
TXN_2252586;Tea;3;1.5;4.5;Cash;Takeaway;2023-09-08
TXN_8853027;Smoothie;5;4.0;20.0;Credit Card;In-store;2023-06-21
TXN_1489200;ERROR;1;3.0;3.0;UNKNOWN;ERROR;2023-03-27
TXN_2351890;Tea;4;1.5;6.0;;In-store;2023-02-27
TXN_1026050;Cake;1;3.0;3.0;ERROR;;2023-04-23
TXN_3882139;Smoothie;4;4.0;16.0;;UNKNOWN;2023-12-28
TXN_6296806;Sandwich;2;4.0;8.0;;Takeaway;UNKNOWN
TXN_6149247;Sandwich;3;4.0;12.0;;Takeaway;2023-09-21
TXN_3371429;Salad;2;5.0;10.0;Credit Card;;2023-11-01
TXN_5136479;Sandwich;1;;4.0;;In-store;2023-01-04
TXN_5722175;Tea;2;1.5;3.0;Digital Wallet;Takeaway;2023-03-01
TXN_4075198;Salad;5;5.0;25.0;Cash;;2023-08-27
TXN_3865627;Coffee;4;2.0;8.0;;In-store;2023-02-16
TXN_2136226;Juice;2;ERROR;6.0;Digital Wallet;In-store;2023-12-12
TXN_2920551;Sandwich;4;4.0;16.0;Credit Card;Takeaway;2023-11-27
TXN_9206923;Sandwich;1;4.0;4.0;;;2023-11-16
TXN_6335909;Salad;4;5.0;20.0;;In-store;2023-06-21
TXN_8107970;Coffee;2;2.0;4.0;Credit Card;Takeaway;2023-06-03
TXN_3435561;;2;3.0;6.0;UNKNOWN;Takeaway;
TXN_8079747;UNKNOWN;2;5.0;10.0;Digital Wallet;;2023-03-18
TXN_2135358;Cake;5;3.0;15.0;Credit Card;;2023-05-28
TXN_1313701;Cookie;2;1.0;2.0;;;2023-10-03
TXN_4035669;Juice;3;3.0;9.0;Cash;ERROR;2023-04-21
TXN_5900899;;4;1.0;4.0;;Takeaway;UNKNOWN
TXN_4037502;Coffee;2;;4.0;Cash;Takeaway;2023-08-10
TXN_6879752;Tea;1;1.5;1.5;Digital Wallet;In-store;2023-10-07
TXN_8708666;Cake;4;ERROR;12.0;;Takeaway;2023-01-10
TXN_5535579;Coffee;5;2.0;10.0;Cash;In-store;2023-12-21
TXN_2449402;Smoothie;5;4.0;20.0;Cash;;2023-01-29
TXN_6097759;Smoothie;4;4.0;16.0;Cash;In-store;2023-06-18
TXN_9579740;Cake;3;3.0;9.0;Digital Wallet;;2023-03-05
TXN_3026936;Cake;5;3.0;15.0;;;2023-05-19
TXN_2532519;Cake;2;3.0;6.0;Digital Wallet;;2023-04-10
TXN_9959765;Juice;4;3.0;12.0;Cash;;2023-02-19
TXN_9514996;Sandwich;2;4.0;8.0;Credit Card;Takeaway;2023-07-25
TXN_6757560;Cake;4;3.0;12.0;Cash;;2023-08-12
TXN_2222893;Coffee;4;2.0;8.0;;Takeaway;2023-12-20
TXN_4346607;Salad;2;5.0;10.0;Digital Wallet;;2023-03-17
TXN_2586830;Juice;1;3.0;3.0;UNKNOWN;In-store;2023-02-12
TXN_2706461;Salad;3;5.0;15.0;Credit Card;ERROR;2023-12-13
TXN_1829391;Juice;4;3.0;12.0;Credit Card;;2023-10-06
TXN_5022805;Sandwich;1;4.0;4.0;Credit Card;Takeaway;2023-12-17
TXN_6815801;Cookie;1;1.0;1.0;Digital Wallet;Takeaway;2023-03-15
TXN_2541441;Cake;1;3.0;3.0;Cash;Takeaway;2023-09-21
TXN_5189465;Cookie;4;1.0;4.0;;Takeaway;2023-10-04
TXN_1217810;Cookie;1;1.0;1.0;Digital Wallet;;2023-07-06
TXN_4894647;Salad;2;5.0;10.0;Cash;Takeaway;2023-12-26
TXN_7622855;Sandwich;2;4.0;8.0;Credit Card;;2023-07-10
TXN_3215610;UNKNOWN;2;3.0;6.0;Digital Wallet;Takeaway;2023-06-14
TXN_9931637;Cake;2;3.0;6.0;Cash;Takeaway;2023-09-17
TXN_6625294;Sandwich;2;4.0;8.0;Digital Wallet;;2023-03-05
TXN_4577368;Cake;4;3.0;12.0;Cash;;2023-05-29
TXN_4158904;Juice;2;3.0;6.0;Digital Wallet;In-store;2023-01-31
TXN_3444569;UNKNOWN;1;4.0;ERROR;Credit Card;Takeaway;2023-10-07
TXN_1208926;Cookie;4;1.0;4.0;Credit Card;In-store;2023-12-07
TXN_8090361;Coffee;1;2.0;2.0;;;2023-03-12
TXN_8363628;Salad;1;5.0;ERROR;Digital Wallet;;2023-04-07
TXN_4761088;Cake;4;3.0;12.0;Digital Wallet;;2023-08-27
TXN_2672126;UNKNOWN;3;1.0;3.0;Cash;;2023-07-07
TXN_3232279;UNKNOWN;4;ERROR;16.0;UNKNOWN;Takeaway;2023-05-30
TXN_8526941;Sandwich;5;UNKNOWN;20.0;;Takeaway;2023-03-16
TXN_2453194;Cake;4;3.0;12.0;Digital Wallet;ERROR;2023-11-18
TXN_9970195;Coffee;2;2.0;4.0;;UNKNOWN;2023-11-10
TXN_4458848;Cookie;2;1.0;2.0;;In-store;2023-10-30
TXN_1606273;Coffee;1;2.0;2.0;Digital Wallet;Takeaway;2023-11-02
TXN_8053946;Tea;1;1.5;1.5;;Takeaway;2023-09-18
TXN_7963189;Cookie;4;1.0;4.0;Digital Wallet;Takeaway;2023-03-24
TXN_9151273;Tea;2;1.5;3.0;Cash;;2023-04-09
TXN_4702345;Salad;4;5.0;20.0;Digital Wallet;;2023-01-08
TXN_7972349;Cake;;3.0;12.0;;In-store;2023-04-19
TXN_4832452;Tea;5;1.5;ERROR;Cash;;2023-02-05
TXN_9314690;Salad;2;5.0;10.0;Credit Card;UNKNOWN;2023-12-11
TXN_3852141;Cake;5;3.0;15.0;Credit Card;In-store;2023-08-04
TXN_4723529;Sandwich;2;4.0;8.0;ERROR;ERROR;2023-03-25
TXN_9537106;UNKNOWN;;4.0;12.0;;;2023-10-11
TXN_6039321;Salad;2;5.0;10.0;Credit Card;;2023-02-15
TXN_5797307;Tea;5;1.5;7.5;;In-store;2023-03-16
TXN_4832566;Sandwich;4;4.0;16.0;Digital Wallet;In-store;ERROR
TXN_2262398;Tea;1;1.5;;Credit Card;Takeaway;2023-09-12
TXN_9813095;Juice;2;3.0;;Cash;;2023-06-12
TXN_8627869;Juice;1;3.0;3.0;;;2023-10-31
TXN_1123346;Tea;3;1.5;4.5;;;2023-07-31
TXN_6729852;Cookie;4;1.0;4.0;UNKNOWN;;2023-06-29
TXN_9300618;Tea;3;1.5;4.5;Credit Card;;2023-03-06
TXN_7832527;Cake;3;3.0;9.0;Cash;In-store;2023-01-26
TXN_4703100;Sandwich;1;4.0;4.0;;;2023-01-26
TXN_1650385;Sandwich;1;4.0;4.0;ERROR;;2023-07-24
TXN_3632068;UNKNOWN;2;3.0;6.0;Cash;;2023-08-29
TXN_2132434;Salad;4;5.0;20.0;Digital Wallet;In-store;2023-06-03
TXN_3847176;Sandwich;3;4.0;12.0;;Takeaway;2023-05-07
TXN_9691955;Juice;3;3.0;9.0;Credit Card;In-store;2023-11-03
TXN_4985415;Tea;4;1.5;6.0;Digital Wallet;;2023-08-01
TXN_1172121;Coffee;5;2.0;10.0;Cash;Takeaway;2023-08-26
TXN_2521185;Smoothie;2;4.0;8.0;Cash;Takeaway;2023-03-20
TXN_6233021;Juice;5;3.0;15.0;Digital Wallet;Takeaway;2023-12-22
TXN_7498795;Cookie;2;1.0;2.0;Cash;Takeaway;2023-03-11
TXN_6730130;Tea;2;1.5;3.0;;;2023-10-16
TXN_8810855;Sandwich;4;4.0;16.0;;UNKNOWN;2023-04-30
TXN_1599516;Juice;3;3.0;9.0;Cash;In-store;2023-05-11
TXN_6888839;Tea;3;1.5;;Digital Wallet;Takeaway;2023-11-19
TXN_5970304;;4;5.0;20.0;Credit Card;;2023-07-14
TXN_4559065;Juice;1;3.0;3.0;Cash;In-store;2023-05-03
TXN_7637325;Cookie;4;1.0;4.0;;;2023-05-03
TXN_9685491;Coffee;4;2.0;8.0;Cash;;2023-09-20
TXN_1767321;Sandwich;1;4.0;4.0;;In-store;2023-03-24
TXN_9046415;Smoothie;2;4.0;8.0;;UNKNOWN;2023-06-06
TXN_3785168;;3;3.0;9.0;;Takeaway;2023-05-01
TXN_6859249;Cookie;UNKNOWN;;2.0;;UNKNOWN;
TXN_2696377;Juice;4;3.0;12.0;Digital Wallet;In-store;2023-04-11
TXN_7754382;Sandwich;4;4.0;16.0;Credit Card;ERROR;2023-06-28
TXN_4602865;Cookie;5;1.0;5.0;Digital Wallet;Takeaway;2023-09-27
TXN_5966765;Cake;5;3.0;15.0;Credit Card;Takeaway;2023-11-09
TXN_4328228;Sandwich;5;4.0;20.0;UNKNOWN;;2023-01-08
TXN_2462604;Tea;5;1.5;7.5;Credit Card;;2023-07-13
TXN_2897354;Juice;4;3.0;12.0;;In-store;2023-06-22
TXN_5280256;ERROR;5;1.0;5.0;;In-store;2023-07-12
TXN_3283631;Sandwich;2;4.0;8.0;Credit Card;In-store;2023-03-15
TXN_8929329;Juice;4;3.0;12.0;;;2023-10-29
TXN_1328953;Smoothie;3;4.0;12.0;;;2023-12-28
TXN_4852852;Smoothie;2;4.0;8.0;UNKNOWN;;2023-10-06
TXN_4977954;Juice;4;3.0;12.0;Cash;;
TXN_3344089;Sandwich;4;4.0;16.0;Cash;In-store;2023-08-10
TXN_2909634;Smoothie;1;UNKNOWN;4.0;;Takeaway;2023-10-02
TXN_7551280;Cookie;4;1.0;4.0;Credit Card;Takeaway;2023-04-14
TXN_5390533;Smoothie;3;4.0;12.0;;In-store;2023-11-18
TXN_8487216;Tea;1;1.5;1.5;Cash;;2023-07-01
TXN_3863163;Cookie;3;1.0;3.0;Digital Wallet;Takeaway;2023-10-12
TXN_4260865;Smoothie;4;4.0;16.0;;;2023-02-25
TXN_7922471;Cake;3;3.0;9.0;Cash;;2023-04-18
TXN_3701660;Sandwich;1;4.0;4.0;Digital Wallet;;
TXN_3653560;Coffee;4;2.0;8.0;Digital Wallet;Takeaway;2023-07-01
TXN_4075817;Cookie;2;1.0;2.0;Cash;;2023-03-18
TXN_3715065;Salad;3;5.0;15.0;Credit Card;ERROR;2023-03-17
TXN_9549208;Coffee;1;2.0;2.0;Digital Wallet;In-store;2023-10-30
TXN_2919952;Juice;;3.0;15.0;Digital Wallet;In-store;2023-02-17
TXN_2670824;Juice;2;3.0;6.0;Digital Wallet;Takeaway;2023-03-03
TXN_7455953;Coffee;2;2.0;4.0;;ERROR;2023-05-01
TXN_5926432;Smoothie;4;4.0;16.0;Cash;In-store;2023-06-29
TXN_8235381;Cookie;3;1.0;3.0;Digital Wallet;In-store;2023-03-01
TXN_6206679;Tea;1;1.5;1.5;;In-store;2023-05-01
TXN_2954630;Salad;2;5.0;10.0;Credit Card;;2023-09-30
TXN_1402641;Tea;3;1.5;ERROR;Credit Card;Takeaway;2023-09-12
TXN_6405489;Sandwich;3;4.0;12.0;Credit Card;Takeaway;2023-05-04
TXN_3003311;Cake;5;3.0;15.0;Digital Wallet;In-store;2023-08-01
TXN_3273540;UNKNOWN;1;3.0;3.0;Credit Card;;2023-08-21
TXN_4570881;;1;2.0;2.0;;;2023-09-14
TXN_3421404;UNKNOWN;4;4.0;16.0;Credit Card;;2023-05-05
TXN_8468509;ERROR;;4.0;12.0;Credit Card;ERROR;2023-06-13
TXN_9436342;Juice;4;3.0;12.0;Digital Wallet;In-store;2023-11-26
TXN_3110245;Cake;5;ERROR;15.0;Cash;Takeaway;2023-04-21
TXN_1999100;Smoothie;3;4.0;12.0;Digital Wallet;;2023-11-08
TXN_3654203;Coffee;1;;2.0;UNKNOWN;;2023-04-21
TXN_2406283;Juice;4;3.0;12.0;Digital Wallet;In-store;2023-02-24
TXN_8964166;Juice;5;3.0;15.0;Cash;;2023-11-10
TXN_1354464;Cake;5;3.0;15.0;Digital Wallet;In-store;2023-03-18
TXN_5582443;Salad;3;5.0;15.0;Credit Card;In-store;2023-04-13
TXN_6204081;Cake;1;3.0;3.0;Digital Wallet;Takeaway;2023-07-12
TXN_4428307;Salad;3;5.0;15.0;Cash;In-store;
TXN_8647048;Sandwich;2;4.0;8.0;Credit Card;In-store;2023-11-03
TXN_1689024;Coffee;5;2.0;ERROR;Credit Card;In-store;2023-04-17
TXN_5422928;Tea;4;1.5;6.0;Digital Wallet;Takeaway;2023-09-20
TXN_9855567;Cookie;3;1.0;3.0;Credit Card;;2023-05-25
TXN_3311860;Juice;1;3.0;3.0;Digital Wallet;In-store;2023-11-21
TXN_4147675;Tea;2;1.5;3.0;Credit Card;In-store;2023-01-04
TXN_7560178;Cookie;5;1.0;5.0;Digital Wallet;In-store;2023-08-17
TXN_4677478;Cake;4;3.0;12.0;;In-store;2023-07-09
TXN_3930990;Tea;4;1.5;6.0;Digital Wallet;Takeaway;2023-02-27
TXN_8675922;ERROR;4;5.0;20.0;ERROR;;2023-03-31
TXN_6621596;Salad;2;5.0;10.0;Credit Card;UNKNOWN;2023-09-25
TXN_8076942;Cookie;2;1.0;2.0;Cash;Takeaway;2023-04-29
TXN_4367689;Cookie;2;1.0;2.0;Cash;;2023-09-30
TXN_2941800;Salad;5;5.0;25.0;Cash;;2023-04-25
TXN_7072581;Cookie;2;1.0;2.0;Credit Card;;2023-08-12
TXN_7809506;Salad;2;5.0;10.0;;Takeaway;2023-06-05
TXN_6884558;;1;3.0;ERROR;Cash;In-store;2023-08-14
TXN_6864420;Cookie;2;1.0;2.0;Credit Card;Takeaway;2023-06-18
TXN_3109057;Tea;4;1.5;6.0;Cash;;2023-11-26
TXN_2257337;Cookie;4;1.0;ERROR;Cash;ERROR;2023-07-24
TXN_9417344;Tea;3;1.5;4.5;;Takeaway;2023-11-09
TXN_6503884;Juice;1;3.0;3.0;Cash;In-store;2023-05-28
TXN_9868954;Smoothie;4;4.0;16.0;Credit Card;;
TXN_2206639;Coffee;4;2.0;8.0;Cash;Takeaway;2023-06-29
TXN_9337894;Tea;2;1.5;3.0;;;2023-12-30
TXN_7068361;Juice;5;3.0;15.0;Credit Card;;2023-12-25
TXN_1405124;;3;4.0;12.0;Digital Wallet;Takeaway;2023-08-03
TXN_2395608;Tea;3;UNKNOWN;4.5;Cash;In-store;2023-03-16
TXN_5423024;Smoothie;1;4.0;4.0;Digital Wallet;In-store;2023-04-30
TXN_2802630;Cookie;4;1.0;4.0;;Takeaway;2023-06-18
TXN_3134595;Juice;3;3.0;9.0;Credit Card;Takeaway;2023-02-25
TXN_2251128;Smoothie;3;4.0;12.0;Credit Card;In-store;2023-06-07
TXN_4213071;Salad;1;5.0;5.0;;Takeaway;2023-04-10
TXN_6220280;Tea;1;1.5;1.5;Credit Card;;2023-02-15
TXN_4832163;Cake;4;3.0;12.0;Cash;Takeaway;2023-11-17
TXN_6663451;Cake;1;3.0;3.0;Cash;;2023-08-05
TXN_1443928;Cake;4;3.0;12.0;Cash;Takeaway;2023-12-03
TXN_1670597;Coffee;2;2.0;4.0;Cash;Takeaway;2023-05-21
TXN_3854210;Smoothie;1;4.0;4.0;Cash;;2023-12-30
TXN_2165745;Coffee;4;2.0;8.0;Credit Card;In-store;2023-01-31
TXN_3082888;Tea;1;1.5;1.5;Cash;In-store;2023-09-20
TXN_2294397;Coffee;5;2.0;10.0;Digital Wallet;In-store;2023-02-25
TXN_4160784;Cookie;5;1.0;5.0;ERROR;In-store;2023-05-20
TXN_7248594;Coffee;3;2.0;6.0;Credit Card;In-store;2023-03-26
TXN_5031020;Coffee;5;2.0;10.0;;;2023-11-25
TXN_3059966;Smoothie;1;4.0;4.0;Digital Wallet;In-store;2023-12-24
TXN_9287780;Smoothie;2;ERROR;8.0;Cash;In-store;2023-09-02
TXN_1022220;Juice;3;3.0;9.0;;Takeaway;2023-08-03
TXN_7144740;Cake;4;3.0;12.0;;;2023-07-24
TXN_7666945;Tea;5;1.5;7.5;;;2023-07-07
TXN_7880000;Salad;3;5.0;15.0;Credit Card;In-store;2023-01-28
TXN_4900574;Juice;3;3.0;9.0;;;2023-05-06
TXN_7838576;Coffee;3;2.0;6.0;;In-store;2023-11-11
TXN_1419188;Cake;5;3.0;15.0;Credit Card;;2023-11-26
TXN_1767201;ERROR;5;5.0;25.0;Credit Card;UNKNOWN;2023-07-12
TXN_2964794;Cake;2;3.0;6.0;;Takeaway;2023-03-09
TXN_3936162;Cookie;1;1.0;1.0;ERROR;;2023-02-26
TXN_4432082;Juice;5;3.0;15.0;;;2023-04-20
TXN_9496791;Salad;4;5.0;20.0;Credit Card;In-store;2023-07-19
TXN_4194115;Tea;5;1.5;7.5;;;2023-08-17
TXN_7741707;Salad;3;5.0;15.0;ERROR;Takeaway;2023-05-09
TXN_8854471;Cake;5;3.0;15.0;Credit Card;;
TXN_4216055;Cookie;5;1.0;5.0;Digital Wallet;;2023-12-27
TXN_2320493;Smoothie;1;4.0;4.0;Digital Wallet;In-store;2023-03-22
TXN_4835929;Coffee;2;2.0;4.0;;In-store;2023-10-03
TXN_6755791;Coffee;2;2.0;4.0;Cash;;2023-04-01
TXN_9861432;Cookie;2;1.0;2.0;;Takeaway;2023-12-09
TXN_8271278;Tea;1;1.5;1.5;;;2023-07-01
TXN_2005032;Cookie;2;1.0;2.0;Digital Wallet;;2023-11-30
TXN_4208919;;3;UNKNOWN;12.0;;Takeaway;2023-05-30
TXN_9699083;Smoothie;1;UNKNOWN;4.0;Cash;In-store;2023-02-12
TXN_5714767;Salad;4;5.0;20.0;Digital Wallet;Takeaway;2023-03-02
TXN_5844851;Smoothie;5;4.0;20.0;;;2023-02-15
TXN_7243779;;1;1.0;1.0;;In-store;ERROR
TXN_8141558;Cake;5;3.0;15.0;Credit Card;UNKNOWN;2023-12-05
TXN_4314314;Cake;4;3.0;12.0;Cash;ERROR;2023-01-02
TXN_4155001;Smoothie;1;4.0;4.0;;;2023-11-30
TXN_1072678;Juice;2;3.0;UNKNOWN;Cash;;2023-05-30
TXN_7981162;Cake;3;3.0;9.0;Credit Card;Takeaway;2023-05-30
TXN_2316206;Cookie;1;1.0;1.0;Credit Card;In-store;2023-01-23
TXN_7343342;Cookie;2;1.0;2.0;Cash;Takeaway;2023-12-21
TXN_4573096;Coffee;1;2.0;2.0;Digital Wallet;In-store;2023-08-13
TXN_3577482;;4;3.0;12.0;Digital Wallet;;2023-06-01
TXN_6370625;Sandwich;3;4.0;12.0;Credit Card;In-store;2023-08-26
TXN_7580803;Juice;4;3.0;12.0;Cash;In-store;2023-04-06
TXN_8306028;Salad;1;5.0;5.0;;Takeaway;2023-02-27
TXN_7530692;Coffee;1;2.0;2.0;Credit Card;;2023-06-30
TXN_4383002;Coffee;1;2.0;2.0;;In-store;2023-12-18
TXN_2939069;Smoothie;5;4.0;20.0;Credit Card;Takeaway;2023-09-06
TXN_2301001;Smoothie;1;4.0;4.0;;Takeaway;2023-01-06
TXN_5009924;Cake;3;3.0;9.0;Digital Wallet;;2023-09-08
TXN_9988801;Smoothie;5;4.0;20.0;Cash;;2023-10-20
TXN_7895514;;4;3.0;12.0;Digital Wallet;Takeaway;2023-08-06
TXN_8432045;Cake;3;3.0;9.0;Credit Card;;2023-11-09
TXN_8127433;Sandwich;3;4.0;12.0;;Takeaway;2023-07-11
TXN_7640914;Salad;1;5.0;5.0;Credit Card;;2023-02-12
TXN_4374963;Juice;1;3.0;3.0;Cash;In-store;2023-07-04
TXN_3212317;Salad;5;5.0;25.0;;Takeaway;2023-05-25
TXN_7744874;Coffee;1;2.0;2.0;Cash;;2023-06-28
TXN_7768350;Cookie;1;1.0;;Cash;In-store;2023-08-19
TXN_9128859;Coffee;2;2.0;4.0;;Takeaway;2023-11-28
TXN_9375649;Cookie;4;1.0;4.0;;In-store;2023-03-06
TXN_4401563;Juice;5;3.0;15.0;Digital Wallet;Takeaway;2023-09-20
TXN_8502946;Smoothie;3;4.0;12.0;UNKNOWN;In-store;2023-09-15
TXN_8687294;Smoothie;3;4.0;12.0;Credit Card;;2023-08-01
TXN_2176821;UNKNOWN;3;5.0;15.0;Digital Wallet;;2023-05-05
TXN_2529216;Tea;3;UNKNOWN;4.5;Credit Card;In-store;
TXN_8443384;Sandwich;5;4.0;20.0;Digital Wallet;In-store;2023-02-13
TXN_5053064;Salad;3;5.0;15.0;;;2023-06-19
TXN_7824739;Cookie;3;1.0;3.0;Digital Wallet;;2023-07-17
TXN_7226406;Cake;1;3.0;3.0;Credit Card;;2023-02-11
TXN_9793806;Tea;3;1.5;4.5;Digital Wallet;Takeaway;2023-04-25
TXN_8195843;Cookie;4;1.0;4.0;;;2023-06-02
TXN_6027923;UNKNOWN;1;5.0;5.0;Digital Wallet;Takeaway;2023-07-23
TXN_5438652;Sandwich;4;4.0;16.0;Cash;;2023-03-17
TXN_8385625;Tea;4;1.5;6.0;Digital Wallet;Takeaway;2023-12-23
TXN_7814715;Cookie;5;1.0;5.0;Cash;;2023-04-24
TXN_6532452;Smoothie;5;4.0;20.0;Cash;Takeaway;2023-02-24
TXN_9706608;Smoothie;1;4.0;4.0;Cash;UNKNOWN;2023-05-22
TXN_5963749;Cake;1;3.0;3.0;Digital Wallet;In-store;2023-11-04
TXN_6885218;Salad;1;5.0;5.0;;In-store;2023-10-23
TXN_3845871;Sandwich;1;4.0;4.0;;In-store;2023-10-29
TXN_5767392;Cake;5;3.0;15.0;Credit Card;;2023-10-24
TXN_3014967;Salad;ERROR;5.0;5.0;UNKNOWN;UNKNOWN;
TXN_8685281;Tea;1;UNKNOWN;1.5;Digital Wallet;In-store;2023-07-30
TXN_3205079;Cake;5;3.0;15.0;Credit Card;;2023-11-07
TXN_1523626;Cake;4;3.0;12.0;UNKNOWN;Takeaway;2023-07-21
TXN_8944202;Smoothie;3;4.0;12.0;Credit Card;Takeaway;2023-06-08
TXN_2402993;Cookie;5;1.0;5.0;Cash;Takeaway;2023-06-11
TXN_1340358;Sandwich;3;4.0;12.0;Cash;Takeaway;2023-06-09
TXN_6959328;Sandwich;3;4.0;12.0;Credit Card;Takeaway;2023-04-23
TXN_1613996;Juice;2;3.0;6.0;;In-store;2023-10-12
TXN_9285475;Tea;5;1.5;7.5;Digital Wallet;ERROR;2023-11-14
TXN_8077929;Tea;3;1.5;4.5;Digital Wallet;Takeaway;2023-08-06
TXN_7899009;;1;2.0;2.0;Cash;;2023-03-08
TXN_9213505;Sandwich;2;4.0;8.0;UNKNOWN;;2023-11-01
TXN_8724602;Juice;4;3.0;12.0;Credit Card;Takeaway;2023-06-26
TXN_9067597;Salad;4;UNKNOWN;20.0;Cash;Takeaway;2023-11-02
TXN_9714116;Sandwich;4;4.0;16.0;;In-store;2023-11-17
TXN_8987697;Cookie;5;1.0;5.0;Cash;;2023-12-19
TXN_1940778;Tea;2;1.5;3.0;Cash;In-store;2023-02-01
TXN_1776070;Sandwich;3;4.0;12.0;;;
TXN_4271502;ERROR;2;3.0;6.0;;;2023-07-03
TXN_8124795;Salad;5;5.0;25.0;ERROR;In-store;2023-08-11
TXN_7860953;Sandwich;1;4.0;4.0;Digital Wallet;Takeaway;2023-09-10
TXN_8164119;Tea;3;1.5;4.5;Credit Card;Takeaway;2023-01-07
TXN_6070523;;4;2.0;8.0;Cash;;ERROR
TXN_7809290;Cake;1;3.0;3.0;Cash;Takeaway;2023-10-14
TXN_5332538;Coffee;3;2.0;6.0;;;2023-01-15
TXN_7375024;;1;1.0;1.0;Cash;In-store;2023-12-10
TXN_5675095;Sandwich;4;4.0;16.0;Digital Wallet;Takeaway;2023-05-18
TXN_4197851;Salad;ERROR;5.0;15.0;Digital Wallet;In-store;2023-02-05
TXN_7931086;Sandwich;3;4.0;12.0;Credit Card;;2023-06-25
TXN_2536573;;2;;8.0;Cash;In-store;2023-06-24
TXN_3374262;;2;1.5;3.0;;In-store;2023-04-14
TXN_9110336;Cookie;5;1.0;5.0;Digital Wallet;ERROR;2023-04-06
TXN_3901665;Juice;1;3.0;3.0;Credit Card;Takeaway;2023-10-19
TXN_9211917;Smoothie;4;4.0;;;In-store;2023-12-17
TXN_7893709;ERROR;4;3.0;12.0;Credit Card;;2023-03-14
TXN_4296023;Tea;5;1.5;7.5;Digital Wallet;In-store;2023-10-08
TXN_3403409;Cake;2;3.0;6.0;;;2023-02-22
TXN_1398511;Coffee;5;2.0;10.0;;Takeaway;2023-12-19
TXN_4350854;Cookie;2;1.0;2.0;Cash;In-store;2023-01-31
TXN_1867158;Cookie;4;1.0;4.0;Digital Wallet;Takeaway;2023-05-16
TXN_2662711;Juice;1;3.0;3.0;UNKNOWN;;2023-11-02
TXN_4439660;Coffee;3;2.0;6.0;;;2023-02-06
TXN_9417252;Sandwich;2;4.0;8.0;Credit Card;;2023-08-17
TXN_7502558;UNKNOWN;5;3.0;15.0;;In-store;2023-02-23
TXN_8453282;Cookie;3;1.0;3.0;Cash;;2023-03-08
TXN_5921766;Smoothie;3;4.0;12.0;;In-store;2023-11-06
TXN_7688029;Cake;5;3.0;15.0;Credit Card;In-store;2023-05-30
TXN_2000331;;3;4.0;12.0;;Takeaway;2023-03-30
TXN_3420633;Salad;4;5.0;20.0;Digital Wallet;Takeaway;2023-04-11
TXN_3431892;Cake;2;3.0;6.0;;In-store;2023-07-18
TXN_5220527;Cookie;4;1.0;4.0;Digital Wallet;Takeaway;2023-08-06
TXN_1205773;Salad;5;5.0;25.0;Cash;;2023-01-27
TXN_3061405;Smoothie;5;4.0;20.0;;Takeaway;2023-12-01
TXN_8696857;Coffee;1;2.0;2.0;Digital Wallet;Takeaway;2023-10-01
TXN_9668265;Cookie;3;1.0;3.0;Credit Card;;2023-06-20
TXN_3638761;Juice;5;3.0;15.0;;ERROR;UNKNOWN
TXN_7463102;Smoothie;5;4.0;20.0;Cash;Takeaway;2023-11-27
TXN_5569954;Cookie;4;1.0;4.0;Credit Card;In-store;UNKNOWN
TXN_4547294;Tea;1;1.5;1.5;ERROR;;2023-09-30
TXN_8430882;Sandwich;2;4.0;8.0;Digital Wallet;Takeaway;2023-06-17
TXN_9114647;Salad;5;5.0;25.0;Digital Wallet;In-store;2023-11-19
TXN_9556442;Sandwich;1;4.0;4.0;Digital Wallet;Takeaway;
TXN_5413433;Juice;4;3.0;12.0;Digital Wallet;In-store;2023-06-03
TXN_9388222;Cookie;1;1.0;1.0;Digital Wallet;In-store;2023-04-21
TXN_6618750;Smoothie;5;4.0;20.0;Credit Card;;2023-03-07
TXN_6712087;Cake;2;3.0;6.0;;In-store;2023-06-06
TXN_1862184;Coffee;4;2.0;8.0;;In-store;2023-01-21
TXN_6149800;Sandwich;4;4.0;16.0;Digital Wallet;;2023-05-05
TXN_6433525;Smoothie;2;4.0;8.0;;;2023-09-02
TXN_2642834;Salad;2;5.0;10.0;Cash;;2023-11-13
TXN_6745398;Tea;4;1.5;6.0;;;2023-02-28
TXN_5660949;Cookie;3;1.0;3.0;Credit Card;In-store;2023-01-10
TXN_9540340;Sandwich;2;4.0;8.0;Cash;;2023-11-15
TXN_5200292;ERROR;4;5.0;20.0;Cash;;2023-01-12
TXN_4118960;Smoothie;5;4.0;20.0;Credit Card;Takeaway;2023-09-24
TXN_2265543;Salad;3;5.0;15.0;;Takeaway;2023-02-19
TXN_7360979;Sandwich;1;4.0;;;In-store;2023-08-16
TXN_1849597;Sandwich;2;4.0;8.0;Cash;;2023-11-01
TXN_3214521;Tea;4;1.5;6.0;;;2023-06-30
TXN_5107249;Smoothie;4;4.0;16.0;Cash;UNKNOWN;2023-03-20
TXN_1941099;UNKNOWN;5;1.0;5.0;Cash;ERROR;2023-04-14
TXN_3228646;Cookie;5;1.0;5.0;Credit Card;;2023-09-19
TXN_3295578;ERROR;1;3.0;3.0;UNKNOWN;In-store;2023-05-04
TXN_3717422;Salad;2;5.0;10.0;Cash;;2023-06-15
TXN_5350735;Tea;2;1.5;3.0;Cash;UNKNOWN;2023-04-08
TXN_1128577;Sandwich;1;4.0;4.0;Digital Wallet;In-store;2023-11-23
TXN_6533267;Tea;3;1.5;4.5;Cash;In-store;2023-07-14
TXN_1413310;Smoothie;3;4.0;12.0;;Takeaway;2023-04-06
TXN_4166020;UNKNOWN;4;3.0;12.0;Digital Wallet;In-store;2023-08-18
TXN_9496018;;5;1.5;7.5;;Takeaway;2023-01-05
TXN_5609139;;2;1.5;3.0;Digital Wallet;;2023-10-13
TXN_5087453;Tea;3;1.5;4.5;Cash;Takeaway;2023-04-09
TXN_3312088;Cake;ERROR;3.0;3.0;Digital Wallet;;2023-08-17
TXN_2049313;UNKNOWN;4;1.5;6.0;Credit Card;;2023-12-25
TXN_4001774;Tea;5;1.5;7.5;;Takeaway;2023-02-10
TXN_9627891;Coffee;2;2.0;4.0;Credit Card;In-store;2023-01-09
TXN_5584275;Smoothie;1;4.0;4.0;Credit Card;In-store;2023-07-10
TXN_1873800;Smoothie;3;4.0;12.0;;In-store;2023-02-01
TXN_3602823;Coffee;4;2.0;8.0;;;2023-08-26
TXN_5528426;Smoothie;4;4.0;16.0;Cash;Takeaway;2023-06-01
TXN_7626322;UNKNOWN;4;3.0;12.0;Cash;Takeaway;2023-12-21
TXN_4432546;Coffee;2;2.0;4.0;Digital Wallet;UNKNOWN;2023-11-29
TXN_6372031;Juice;3;3.0;9.0;Digital Wallet;In-store;2023-08-11
TXN_6874059;Salad;4;5.0;20.0;;Takeaway;2023-01-12
TXN_3843111;Smoothie;2;4.0;8.0;;;2023-09-15
TXN_8916446;Cookie;2;1.0;2.0;Cash;ERROR;2023-07-19
TXN_1823906;Salad;3;5.0;15.0;Digital Wallet;In-store;2023-06-26
TXN_2927941;ERROR;4;4.0;16.0;Credit Card;Takeaway;2023-08-29
TXN_5972836;;3;4.0;12.0;Cash;Takeaway;2023-02-14
TXN_7484638;Sandwich;3;4.0;12.0;Digital Wallet;In-store;2023-10-17
TXN_2073647;UNKNOWN;3;4.0;12.0;UNKNOWN;In-store;2023-09-01
TXN_1610137;Coffee;3;2.0;6.0;Cash;Takeaway;2023-04-02
TXN_9094628;Coffee;2;2.0;4.0;;In-store;2023-02-13
TXN_2262195;Smoothie;3;4.0;12.0;Cash;;2023-10-13
TXN_8047234;Juice;3;3.0;ERROR;Credit Card;ERROR;2023-08-29
TXN_7108012;Tea;1;1.5;1.5;Digital Wallet;Takeaway;2023-12-31
TXN_3272946;Salad;3;5.0;15.0;Credit Card;In-store;2023-09-06
TXN_6896663;Cake;3;3.0;9.0;;In-store;2023-05-16
TXN_7308096;Tea;2;1.5;3.0;Cash;Takeaway;2023-08-13
TXN_3607778;Smoothie;2;4.0;8.0;Cash;UNKNOWN;2023-11-20
TXN_7105069;Coffee;1;2.0;ERROR;Cash;Takeaway;2023-12-06
TXN_7461544;Cookie;4;1.0;4.0;Credit Card;;2023-08-22
TXN_5853281;Coffee;4;2.0;8.0;;;2023-08-29
TXN_5488764;Coffee;4;2.0;8.0;Digital Wallet;Takeaway;2023-06-30
TXN_4268746;Cake;5;3.0;15.0;Credit Card;In-store;2023-01-12
TXN_1767872;Salad;2;5.0;10.0;Credit Card;In-store;2023-01-05
TXN_9684822;Juice;1;3.0;3.0;;ERROR;2023-11-18
TXN_7208983;Salad;1;5.0;5.0;Digital Wallet;In-store;2023-09-28
TXN_8704128;Juice;5;3.0;15.0;UNKNOWN;;2023-02-25
TXN_7971660;Cookie;3;1.0;3.0;Cash;Takeaway;2023-10-02
TXN_6179190;Coffee;1;2.0;2.0;;Takeaway;2023-07-23
TXN_9271577;Cake;2;3.0;6.0;Credit Card;In-store;2023-04-13
TXN_3016203;UNKNOWN;1;5.0;5.0;Cash;In-store;2023-06-16
TXN_6440555;Smoothie;1;4.0;4.0;Cash;In-store;2023-07-11
TXN_5635779;ERROR;5;3.0;15.0;Cash;In-store;2023-07-01
TXN_1022126;Tea;ERROR;1.5;4.5;;UNKNOWN;UNKNOWN
TXN_9839214;Juice;1;3.0;3.0;Digital Wallet;;2023-12-25
TXN_7368194;Smoothie;2;4.0;8.0;Credit Card;In-store;2023-10-29
TXN_1328230;Sandwich;5;4.0;20.0;Cash;;2023-02-03
TXN_9789310;Sandwich;4;4.0;16.0;Credit Card;In-store;2023-05-09
TXN_6425706;Juice;1;3.0;3.0;;Takeaway;2023-12-09
TXN_5996973;Sandwich;5;4.0;20.0;;In-store;2023-05-02
TXN_2561970;Sandwich;3;4.0;12.0;;In-store;2023-03-16
TXN_7137256;Sandwich;2;4.0;UNKNOWN;Cash;ERROR;2023-06-22
TXN_5926982;Coffee;4;2.0;8.0;;Takeaway;2023-05-16
TXN_3398611;Sandwich;5;4.0;20.0;Cash;;2023-10-01
TXN_4539758;Sandwich;3;4.0;12.0;;In-store;2023-06-01
TXN_6259087;Sandwich;2;4.0;8.0;Digital Wallet;In-store;2023-12-27
TXN_8152941;Coffee;3;2.0;6.0;;Takeaway;ERROR
TXN_2987590;Sandwich;5;4.0;20.0;;In-store;2023-02-17
TXN_6687029;Sandwich;2;UNKNOWN;8.0;Credit Card;In-store;2023-08-23
TXN_1199898;Smoothie;1;4.0;4.0;Credit Card;;2023-10-26
TXN_4787990;Cookie;3;1.0;3.0;Digital Wallet;;2023-02-04
TXN_9606045;Tea;2;1.5;3.0;Digital Wallet;;2023-10-14
TXN_1569248;Tea;1;1.5;1.5;Credit Card;;2023-11-14
TXN_1151605;Coffee;1;2.0;2.0;Digital Wallet;Takeaway;2023-05-02
TXN_4602430;Sandwich;3;4.0;12.0;Credit Card;In-store;2023-01-31
TXN_3232043;Tea;2;1.5;3.0;;In-store;2023-07-05
TXN_3251340;Salad;4;5.0;20.0;;In-store;2023-06-18
TXN_7412782;Cookie;2;1.0;2.0;Digital Wallet;Takeaway;2023-03-28
TXN_5663260;Sandwich;4;;16.0;Digital Wallet;;2023-10-08
TXN_5570967;Coffee;1;2.0;2.0;Credit Card;In-store;2023-12-12
TXN_8271541;Smoothie;2;4.0;8.0;ERROR;;2023-09-07
TXN_2238658;Tea;UNKNOWN;1.5;4.5;;Takeaway;2023-08-11
TXN_2564718;Salad;5;5.0;25.0;;Takeaway;2023-10-10
TXN_9050127;Sandwich;ERROR;4.0;20.0;Credit Card;Takeaway;2023-02-26
TXN_6533450;Smoothie;1;4.0;4.0;;In-store;2023-11-22
TXN_8046891;Coffee;1;2.0;2.0;Credit Card;Takeaway;2023-02-24
TXN_7770487;Smoothie;1;4.0;4.0;Cash;In-store;2023-08-09
TXN_2279313;Cookie;2;;2.0;Digital Wallet;In-store;2023-08-23
TXN_9943050;Tea;1;1.5;1.5;Digital Wallet;Takeaway;2023-05-16
TXN_2694605;Cookie;2;1.0;2.0;Credit Card;Takeaway;2023-11-09
TXN_2161957;Cookie;2;1.0;2.0;;Takeaway;2023-05-19
TXN_3647474;Coffee;4;2.0;8.0;;Takeaway;2023-05-05
TXN_4877601;;2;1.0;2.0;UNKNOWN;ERROR;2023-07-14
TXN_7868470;Juice;3;ERROR;9.0;Digital Wallet;UNKNOWN;2023-04-14
TXN_1927704;Salad;2;5.0;10.0;Digital Wallet;In-store;2023-01-05
TXN_4819416;Salad;3;ERROR;15.0;;;2023-06-01
TXN_8076152;Tea;4;1.5;6.0;Digital Wallet;ERROR;2023-12-18
TXN_9409405;ERROR;3;2.0;6.0;Digital Wallet;In-store;2023-02-11
TXN_4055876;UNKNOWN;3;5.0;15.0;Credit Card;In-store;2023-10-15
TXN_1929398;Sandwich;1;4.0;4.0;Digital Wallet;In-store;2023-02-23
TXN_2131494;Salad;2;5.0;10.0;Cash;;2023-02-27
TXN_3093284;Coffee;4;2.0;8.0;Digital Wallet;In-store;2023-01-01
TXN_3679245;Smoothie;4;4.0;16.0;;In-store;2023-09-16
TXN_2276426;Juice;5;3.0;15.0;Credit Card;In-store;2023-10-21
TXN_9608095;Coffee;1;2.0;2.0;Credit Card;In-store;2023-12-07
TXN_9587704;Juice;5;3.0;15.0;Cash;Takeaway;2023-07-29
TXN_9863114;Juice;UNKNOWN;3.0;15.0;;Takeaway;2023-02-01
TXN_2372348;Cake;2;3.0;6.0;Digital Wallet;Takeaway;2023-01-05
TXN_6660602;;4;5.0;20.0;;Takeaway;2023-05-20
TXN_3386311;Juice;1;3.0;3.0;Cash;In-store;2023-11-30
TXN_7049149;ERROR;4;4.0;16.0;;;2023-08-27
TXN_4112230;Smoothie;5;4.0;20.0;;Takeaway;2023-11-19
TXN_1675510;Sandwich;3;4.0;12.0;;;2023-09-09
TXN_5853158;UNKNOWN;ERROR;4.0;16.0;Cash;Takeaway;2023-09-25
TXN_4187673;Juice;2;3.0;6.0;Digital Wallet;;2023-04-02
TXN_3017494;Tea;1;1.5;1.5;UNKNOWN;Takeaway;2023-11-21
TXN_8086161;Sandwich;;4.0;8.0;Cash;In-store;2023-03-10
TXN_5729112;Coffee;1;2.0;2.0;Credit Card;;2023-06-30
TXN_4613595;Salad;3;5.0;15.0;Credit Card;Takeaway;2023-07-07
TXN_4152991;Sandwich;5;4.0;20.0;Digital Wallet;Takeaway;2023-12-17
TXN_1196324;Tea;4;1.5;6.0;Credit Card;In-store;2023-09-26
TXN_5944318;Cookie;1;1.0;1.0;Cash;UNKNOWN;2023-01-23
TXN_5148823;Juice;1;3.0;3.0;Digital Wallet;;2023-03-27
TXN_2887528;;2;3.0;6.0;;;2023-04-23
TXN_7312736;Cookie;2;1.0;2.0;Digital Wallet;;2023-12-02
TXN_5775717;Tea;3;ERROR;4.5;;Takeaway;2023-08-02
TXN_4442095;Salad;4;5.0;20.0;Digital Wallet;;2023-02-18
TXN_6621007;Cake;2;3.0;6.0;Digital Wallet;Takeaway;2023-03-05
TXN_6740691;Tea;1;1.5;1.5;Cash;ERROR;2023-07-06
TXN_2548742;Salad;5;5.0;25.0;Digital Wallet;;UNKNOWN
TXN_4359568;Coffee;3;2.0;6.0;;;2023-12-21
TXN_3941164;Coffee;4;2.0;8.0;;ERROR;2023-04-16
TXN_5244931;Coffee;1;UNKNOWN;2.0;ERROR;UNKNOWN;2023-09-30
TXN_8181326;Tea;5;1.5;7.5;Cash;;2023-02-28
TXN_8912589;Smoothie;3;4.0;12.0;Cash;ERROR;2023-10-19
TXN_1234390;Cake;2;3.0;6.0;Digital Wallet;Takeaway;2023-06-02
TXN_5336437;Tea;5;1.5;7.5;Credit Card;;2023-05-07
TXN_6271633;Juice;2;3.0;6.0;Digital Wallet;In-store;2023-03-07
TXN_4805204;Tea;5;1.5;7.5;Digital Wallet;In-store;2023-04-25
TXN_3094786;Sandwich;4;4.0;16.0;Credit Card;Takeaway;2023-01-16
TXN_7082667;;4;5.0;20.0;Cash;In-store;2023-08-03
TXN_4807049;Cookie;1;1.0;1.0;Credit Card;;2023-06-07
TXN_1840584;Cake;5;3.0;15.0;Digital Wallet;;2023-05-28
TXN_8030379;Salad;4;5.0;20.0;Cash;In-store;2023-07-21
TXN_7746634;Cake;5;3.0;15.0;Digital Wallet;In-store;2023-07-04
TXN_2361290;Salad;4;5.0;20.0;Cash;;2023-07-16
TXN_7133645;Sandwich;5;4.0;20.0;Credit Card;Takeaway;
TXN_3654299;Coffee;1;UNKNOWN;2.0;Cash;Takeaway;2023-09-19
TXN_8811945;ERROR;1;5.0;5.0;UNKNOWN;;2023-02-18
TXN_8659963;Cake;4;3.0;12.0;Cash;Takeaway;2023-01-21
TXN_3676131;Coffee;3;2.0;6.0;UNKNOWN;ERROR;2023-09-11
TXN_2935758;Smoothie;1;4.0;4.0;Credit Card;In-store;2023-09-03
TXN_1711730;Juice;5;3.0;15.0;UNKNOWN;Takeaway;2023-06-01
TXN_8659575;UNKNOWN;2;1.5;3.0;Digital Wallet;;2023-12-17
TXN_5360210;Tea;5;1.5;7.5;Cash;Takeaway;2023-06-29
TXN_7970325;Cake;2;3.0;6.0;;Takeaway;2023-03-13
TXN_8521037;Sandwich;1;4.0;4.0;;In-store;2023-11-21
TXN_5473680;Coffee;3;2.0;6.0;Credit Card;Takeaway;2023-12-24
TXN_6830192;UNKNOWN;3;3.0;ERROR;Digital Wallet;;2023-08-02
TXN_5999810;UNKNOWN;4;4.0;16.0;Credit Card;Takeaway;2023-06-19
TXN_6677631;Tea;5;1.5;7.5;Digital Wallet;In-store;2023-12-14
TXN_9775900;Juice;4;3.0;12.0;Digital Wallet;In-store;2023-08-29
TXN_2097072;Tea;4;1.5;6.0;UNKNOWN;In-store;
TXN_2408143;Coffee;2;2.0;4.0;Digital Wallet;;2023-11-15
TXN_6383779;Coffee;1;2.0;2.0;;ERROR;2023-11-29
TXN_1342359;Cake;4;3.0;12.0;Cash;Takeaway;2023-07-14
TXN_6975499;Coffee;1;2.0;;Digital Wallet;In-store;2023-07-03
TXN_9861083;Sandwich;5;4.0;20.0;Credit Card;In-store;2023-01-21
TXN_8100384;Sandwich;UNKNOWN;4.0;4.0;Cash;;2023-11-08
TXN_3762778;Coffee;5;2.0;10.0;;;2023-06-14
TXN_4548698;Salad;2;5.0;10.0;Cash;Takeaway;2023-03-04
TXN_8735820;Tea;2;1.5;3.0;Credit Card;Takeaway;2023-12-08
TXN_8803798;Smoothie;4;4.0;16.0;;;2023-07-14
TXN_1950008;Smoothie;4;4.0;16.0;Digital Wallet;In-store;2023-07-24
TXN_3894173;Sandwich;5;4.0;20.0;Digital Wallet;Takeaway;2023-10-07
TXN_3630892;ERROR;4;1.0;4.0;;Takeaway;2023-01-31
TXN_7436097;;5;2.0;10.0;ERROR;;2023-10-25
TXN_4307602;ERROR;4;1.0;4.0;Cash;In-store;2023-12-30
TXN_2394502;Cookie;4;ERROR;4.0;Digital Wallet;In-store;2023-12-22
TXN_5308047;Cookie;UNKNOWN;ERROR;1.0;Credit Card;;2023-10-28
TXN_5929797;Sandwich;1;4.0;4.0;Credit Card;In-store;2023-05-12
TXN_1228927;Tea;2;1.5;3.0;Credit Card;;2023-11-28
TXN_6486912;Tea;2;1.5;3.0;;;2023-05-10
TXN_3447069;Juice;2;3.0;6.0;Credit Card;;2023-03-11
